id_fuente,estudio,trabajo_de_campo,poblacion,cobertura,muestra,metodo,tema,indicador,valor_pct,base,nota
C2-02,Gen Z: Perfil del adolescente y joven del Perú urbano 2019,23/05/2019–16/06/2019,13–20 años (todos los NSE),Perú urbano,1003,Entrevistas cara a cara en hogares; margen de error ±3.1,Situación actual,Solo estudia,47,Total,
C2-02,Gen Z: Perfil del adolescente y joven del Perú urbano 2019,23/05/2019–16/06/2019,13–20 años (todos los NSE),Perú urbano,1003,Entrevistas cara a cara en hogares; margen de error ±3.1,Situación actual,Trabaja y estudia,18,Total,
C2-02,Gen Z: Perfil del adolescente y joven del Perú urbano 2019,23/05/2019–16/06/2019,13–20 años (todos los NSE),Perú urbano,1003,Entrevistas cara a cara en hogares; margen de error ±3.1,Situación actual,No trabaja ni estudia,18,Total,
C2-02,Gen Z: Perfil del adolescente y joven del Perú urbano 2019,23/05/2019–16/06/2019,13–20 años (todos los NSE),Perú urbano,1003,Entrevistas cara a cara en hogares; margen de error ±3.1,Situación actual,Solo trabaja,17,Total,
C2-02,Gen Z: Perfil del adolescente y joven del Perú urbano 2019,23/05/2019–16/06/2019,13–20 años (todos los NSE),Perú urbano,1003,Entrevistas cara a cara en hogares; margen de error ±3.1,Diversión dentro de casa,Ver videos en YouTube,41,Total,
C2-02,Gen Z: Perfil del adolescente y joven del Perú urbano 2019,23/05/2019–16/06/2019,13–20 años (todos los NSE),Perú urbano,1003,Entrevistas cara a cara en hogares; margen de error ±3.1,Diversión dentro de casa,Ver televisión,39,Total,
C2-02,Gen Z: Perfil del adolescente y joven del Perú urbano 2019,23/05/2019–16/06/2019,13–20 años (todos los NSE),Perú urbano,1003,Entrevistas cara a cara en hogares; margen de error ±3.1,Diversión dentro de casa,Chatear en redes sociales,38,Total,
C2-02,Gen Z: Perfil del adolescente y joven del Perú urbano 2019,23/05/2019–16/06/2019,13–20 años (todos los NSE),Perú urbano,1003,Entrevistas cara a cara en hogares; margen de error ±3.1,Diversión dentro de casa,Escuchar música por aplicaciones,34,Total,
C2-02,Gen Z: Perfil del adolescente y joven del Perú urbano 2019,23/05/2019–16/06/2019,13–20 años (todos los NSE),Perú urbano,1003,Entrevistas cara a cara en hogares; margen de error ±3.1,Diversión dentro de casa,Conversar por WhatsApp,33,Total,
C2-02,Gen Z: Perfil del adolescente y joven del Perú urbano 2019,23/05/2019–16/06/2019,13–20 años (todos los NSE),Perú urbano,1003,Entrevistas cara a cara en hogares; margen de error ±3.1,Diversión dentro de casa,"Leer libros, revistas o periódicos impresos",26,Total,Dato publicado en Gestión (31/10/2019) con fuente Ipsos
C2-02,Gen Z: Perfil del adolescente y joven del Perú urbano 2019,23/05/2019–16/06/2019,13–20 años (todos los NSE),Perú urbano,1003,Entrevistas cara a cara en hogares; margen de error ±3.1,Diversión fuera de casa,Salir a comer,44,Total,
C2-02,Gen Z: Perfil del adolescente y joven del Perú urbano 2019,23/05/2019–16/06/2019,13–20 años (todos los NSE),Perú urbano,1003,Entrevistas cara a cara en hogares; margen de error ±3.1,Diversión fuera de casa,Ir a parques,43,Total,
C2-02,Gen Z: Perfil del adolescente y joven del Perú urbano 2019,23/05/2019–16/06/2019,13–20 años (todos los NSE),Perú urbano,1003,Entrevistas cara a cara en hogares; margen de error ±3.1,Diversión fuera de casa,Ir a casa de amigos o familiares,43,Total,
C2-02,Gen Z: Perfil del adolescente y joven del Perú urbano 2019,23/05/2019–16/06/2019,13–20 años (todos los NSE),Perú urbano,1003,Entrevistas cara a cara en hogares; margen de error ±3.1,Diversión fuera de casa,Hacer ejercicio,42,Total,
C2-02,Gen Z: Perfil del adolescente y joven del Perú urbano 2019,23/05/2019–16/06/2019,13–20 años (todos los NSE),Perú urbano,1003,Entrevistas cara a cara en hogares; margen de error ±3.1,Diversión fuera de casa,Ir al cine,37,Total,
C2-02,Gen Z: Perfil del adolescente y joven del Perú urbano 2019,23/05/2019–16/06/2019,13–20 años (todos los NSE),Perú urbano,1003,Entrevistas cara a cara en hogares; margen de error ±3.1,Digital,Pertenece a alguna red social,94,Total,
C2-02,Gen Z: Perfil del adolescente y joven del Perú urbano 2019,23/05/2019–16/06/2019,13–20 años (todos los NSE),Perú urbano,1003,Entrevistas cara a cara en hogares; margen de error ±3.1,Digital,Juega videojuegos,52,Total,
C2-02,Gen Z: Perfil del adolescente y joven del Perú urbano 2019,23/05/2019–16/06/2019,13–20 años (todos los NSE),Perú urbano,1003,Entrevistas cara a cara en hogares; margen de error ±3.1,Digital,Compró por internet en el último año,17,Total,
C2-02,Gen Z: Perfil del adolescente y joven del Perú urbano 2019,23/05/2019–16/06/2019,13–20 años (todos los NSE),Perú urbano,1003,Entrevistas cara a cara en hogares; margen de error ±3.1,Planes y aspiraciones,Planes para 2020: viaje familiar,29,Total,Dato publicado en Gestión (31/10/2019) con fuente Ipsos
C2-02,Gen Z: Perfil del adolescente y joven del Perú urbano 2019,23/05/2019–16/06/2019,13–20 años (todos los NSE),Perú urbano,1003,Entrevistas cara a cara en hogares; margen de error ±3.1,Planes y aspiraciones,Planes para 2020: conseguir trabajo,27,Total,Dato publicado en Gestión (31/10/2019) con fuente Ipsos
C2-02,Gen Z: Perfil del adolescente y joven del Perú urbano 2019,23/05/2019–16/06/2019,13–20 años (todos los NSE),Perú urbano,1003,Entrevistas cara a cara en hogares; margen de error ±3.1,Planes y aspiraciones,Planes para 2020: comprar una moto,16,Total,Dato publicado en Gestión (31/10/2019) con fuente Ipsos
C2-02,Gen Z: Perfil del adolescente y joven del Perú urbano 2019,23/05/2019–16/06/2019,13–20 años (todos los NSE),Perú urbano,1003,Entrevistas cara a cara en hogares; margen de error ±3.1,Planes y aspiraciones,Planes para 2020: iniciar un negocio,15,Total,Dato publicado en Gestión (31/10/2019) con fuente Ipsos
C2-02,Gen Z: Perfil del adolescente y joven del Perú urbano 2019,23/05/2019–16/06/2019,13–20 años (todos los NSE),Perú urbano,1003,Entrevistas cara a cara en hogares; margen de error ±3.1,Emprendimiento,Tiene negocio propio,4,Jóvenes de 18–20 años,Dato publicado en Gestión (31/10/2019) con fuente Ipsos
C2-02,Gen Z: Perfil del adolescente y joven del Perú urbano 2019,23/05/2019–16/06/2019,13–20 años (todos los NSE),Perú urbano,1003,Entrevistas cara a cara en hogares; margen de error ±3.1,Emprendimiento,Desea emprender,60,Jóvenes de 18–20 años sin negocio propio,Dato publicado en Gestión (31/10/2019) con fuente Ipsos
C2-02,Gen Z: Perfil del adolescente y joven del Perú urbano 2019,23/05/2019–16/06/2019,13–20 años (todos los NSE),Perú urbano,1003,Entrevistas cara a cara en hogares; margen de error ±3.1,Consumo,Reconoce hacer compras por impulso,56,Total,Dato publicado en Gestión (31/10/2019) con fuente Ipsos
C2-02,Gen Z: Perfil del adolescente y joven del Perú urbano 2019,23/05/2019–16/06/2019,13–20 años (todos los NSE),Perú urbano,1003,Entrevistas cara a cara en hogares; margen de error ±3.1,Consumo,Usa productos de belleza y cuidado personal,87,Total,Dato publicado en Gestión (31/10/2019) con fuente Ipsos
C2-03,Perfil del adolescente y joven en el Perú Urbano 2020,27/02/2020–15/03/2020 (antes de la cuarentena),13–20 años (todos los NSE),11 principales ciudades del Perú urbano,995,Encuesta (tipo no indicado),Situación actual,Estaba estudiando,68,Total,
C2-03,Perfil del adolescente y joven en el Perú Urbano 2020,27/02/2020–15/03/2020 (antes de la cuarentena),13–20 años (todos los NSE),11 principales ciudades del Perú urbano,995,Encuesta (tipo no indicado),Situación actual,Estaba trabajando,41,Total,
C2-03,Perfil del adolescente y joven en el Perú Urbano 2020,27/02/2020–15/03/2020 (antes de la cuarentena),13–20 años (todos los NSE),11 principales ciudades del Perú urbano,995,Encuesta (tipo no indicado),Situación actual,No trabajaba ni estudiaba,13,Total,
C2-03,Perfil del adolescente y joven en el Perú Urbano 2020,27/02/2020–15/03/2020 (antes de la cuarentena),13–20 años (todos los NSE),11 principales ciudades del Perú urbano,995,Encuesta (tipo no indicado),Dónde estudiaban,Instituto de educación superior,16,Total,
C2-03,Perfil del adolescente y joven en el Perú Urbano 2020,27/02/2020–15/03/2020 (antes de la cuarentena),13–20 años (todos los NSE),11 principales ciudades del Perú urbano,995,Encuesta (tipo no indicado),Dónde estudiaban,Academia preuniversitaria,9,Total,
C2-03,Perfil del adolescente y joven en el Perú Urbano 2020,27/02/2020–15/03/2020 (antes de la cuarentena),13–20 años (todos los NSE),11 principales ciudades del Perú urbano,995,Encuesta (tipo no indicado),Dónde estudiaban,Instituto de idiomas,2,Total,
C2-03,Perfil del adolescente y joven en el Perú Urbano 2020,27/02/2020–15/03/2020 (antes de la cuarentena),13–20 años (todos los NSE),11 principales ciudades del Perú urbano,995,Encuesta (tipo no indicado),Trabajo ideal,Tener su propio negocio y ser el jefe,45,Total,
C2-03,Perfil del adolescente y joven en el Perú Urbano 2020,27/02/2020–15/03/2020 (antes de la cuarentena),13–20 años (todos los NSE),11 principales ciudades del Perú urbano,995,Encuesta (tipo no indicado),Trabajo ideal,"Ser feliz trabajando en algo que le apasiona, aunque no sea el jefe",39,Total,
C2-03,Perfil del adolescente y joven en el Perú Urbano 2020,27/02/2020–15/03/2020 (antes de la cuarentena),13–20 años (todos los NSE),11 principales ciudades del Perú urbano,995,Encuesta (tipo no indicado),Trabajo ideal,Ser jefe en una gran empresa reconocida,16,Total,
C2-03,Perfil del adolescente y joven en el Perú Urbano 2020,27/02/2020–15/03/2020 (antes de la cuarentena),13–20 años (todos los NSE),11 principales ciudades del Perú urbano,995,Encuesta (tipo no indicado),Relación entre estudios y trabajo,Trabajaba en algo diferente a su carrera,39,Quienes trabajaban,
C2-03,Perfil del adolescente y joven en el Perú Urbano 2020,27/02/2020–15/03/2020 (antes de la cuarentena),13–20 años (todos los NSE),11 principales ciudades del Perú urbano,995,Encuesta (tipo no indicado),Relación entre estudios y trabajo,"Trabajaba, pero aún no había estudiado",38,Quienes trabajaban,
C2-03,Perfil del adolescente y joven en el Perú Urbano 2020,27/02/2020–15/03/2020 (antes de la cuarentena),13–20 años (todos los NSE),11 principales ciudades del Perú urbano,995,Encuesta (tipo no indicado),Relación entre estudios y trabajo,Trabajaba en algo relacionado con su carrera,23,Quienes trabajaban,
C2-03,Perfil del adolescente y joven en el Perú Urbano 2020,27/02/2020–15/03/2020 (antes de la cuarentena),13–20 años (todos los NSE),11 principales ciudades del Perú urbano,995,Encuesta (tipo no indicado),Exposición a medios,Televisión,85,Total,
C2-03,Perfil del adolescente y joven en el Perú Urbano 2020,27/02/2020–15/03/2020 (antes de la cuarentena),13–20 años (todos los NSE),11 principales ciudades del Perú urbano,995,Encuesta (tipo no indicado),Exposición a medios,Videos en redes sociales,79,Total,
C2-03,Perfil del adolescente y joven en el Perú Urbano 2020,27/02/2020–15/03/2020 (antes de la cuarentena),13–20 años (todos los NSE),11 principales ciudades del Perú urbano,995,Encuesta (tipo no indicado),Exposición a medios,Radio,56,Total,
C2-03,Perfil del adolescente y joven en el Perú Urbano 2020,27/02/2020–15/03/2020 (antes de la cuarentena),13–20 años (todos los NSE),11 principales ciudades del Perú urbano,995,Encuesta (tipo no indicado),Exposición a medios,Streaming de video,54,Total,
C2-03,Perfil del adolescente y joven en el Perú Urbano 2020,27/02/2020–15/03/2020 (antes de la cuarentena),13–20 años (todos los NSE),11 principales ciudades del Perú urbano,995,Encuesta (tipo no indicado),Exposición a medios,Streaming de música,50,Total,
C2-03,Perfil del adolescente y joven en el Perú Urbano 2020,27/02/2020–15/03/2020 (antes de la cuarentena),13–20 años (todos los NSE),11 principales ciudades del Perú urbano,995,Encuesta (tipo no indicado),Exposición a medios,Podcast,12,Total,
C2-04,Generaciones en el Perú 2022 (Perfil de la Generación Z 2022),Estudios multiclientes 2021–2022,Generación Z de 18–25 años (nacidos 1997–2009),Perú urbano (según la infografía),No indica,Síntesis de estudios multiclientes,Entretenimiento en casa,Jugar videojuegos,32,Total,
C2-04,Generaciones en el Perú 2022 (Perfil de la Generación Z 2022),Estudios multiclientes 2021–2022,Generación Z de 18–25 años (nacidos 1997–2009),Perú urbano (según la infografía),No indica,Síntesis de estudios multiclientes,Entretenimiento en casa,Jugar con la mascota,22,Total,
C2-04,Generaciones en el Perú 2022 (Perfil de la Generación Z 2022),Estudios multiclientes 2021–2022,Generación Z de 18–25 años (nacidos 1997–2009),Perú urbano (según la infografía),No indica,Síntesis de estudios multiclientes,Redes sociales,Tiene cuenta en TikTok,55,Internautas,
C2-04,Generaciones en el Perú 2022 (Perfil de la Generación Z 2022),Estudios multiclientes 2021–2022,Generación Z de 18–25 años (nacidos 1997–2009),Perú urbano (según la infografía),No indica,Síntesis de estudios multiclientes,Redes sociales,Tiene cuenta en Discord,24,Internautas,
C2-04,Generaciones en el Perú 2022 (Perfil de la Generación Z 2022),Estudios multiclientes 2021–2022,Generación Z de 18–25 años (nacidos 1997–2009),Perú urbano (según la infografía),No indica,Síntesis de estudios multiclientes,Finanzas,Ahorraría en una entidad financiera si recibiera un ingreso adicional,31,Total,
C2-04,Generaciones en el Perú 2022 (Perfil de la Generación Z 2022),Estudios multiclientes 2021–2022,Generación Z de 18–25 años (nacidos 1997–2009),Perú urbano (según la infografía),No indica,Síntesis de estudios multiclientes,Finanzas,Usa canales digitales bancarios,78,Bancarizados,
