seccion,categoria,nombre,descripcion,tipo,url_pagina,clave,ultima_actualizacion,tablas
modulo,,Dato Joven (portada),,consolidado,https://observatorio-juventud.minedu.gob.pe/dato-joven/,45bd4507-845f-4073-a748-099f05060d12,2026-06-30T21:24:02.11,Indicadores;Proveedor;Lineamientos;Servicios;Objetivos Prioritarios;Valor de Indicadores;MedidasSL;MedidasIO;MedidasISJ;dimSexo;dimAño;dimEdad;dimNivelEducativo;dimEstadoCivil;factPoblacionGeneralParquet;factPoblacionJovenParquet;dimMes;factJuventudMigrante-PoblacionInmigrante;factJuventudMigrante-MovimientosMigratorios;factVictimizaciónySeguridadCiudadana-INPE;factVictimizaciónYSeguridadCiudadana-PRONACEJ;factSalud-REGISTRO-MINSA-Discapacidad;factSalud-REGISTRO-IPD;dimPais;factEducacion-AñosEscolaridad-Nacional;factEducacion-AñosEscolaridad-Regional;factEducacion-ConclusionSecundaria-Nacional;factEducacion-ConclusionSecundaria-Regional;factEducacion-ConclusionSuperior-Nacional;factEducacion-ConclusionSuperior-Regional;factEducacion-MaximoNivelAlcanzado-Nacional;factEducacion-MaximoNivelAlcanzado-Regional;factSalud-ENCUESTA-Alcohol-Nacional;factSalud-ENCUESTA-CuentaConSeguro-Regional;factSalud-ENCUESTA-CuentaConSeguro-Nacional;factSalud-ENCUESTA-Embarazo-Nacional;factSalud-ENCUESTA-Mental-Nacional;factSalud-ENCUESTA-SIS-Regional;factSalud-ENCUESTA-SIS-Nacional;factSalud-REGISTRO-VIH;factTrabajo-REGISTRO-Cultura;factTrabajo-ENCUESTA-Desempleo-Nacional;factTrabajo-ENCUESTA-PEA-Nacional;factTrabajo-ENCUESTA-PEA-Regional;factTrabajo-ENCUESTA-Actividad Realizada-Nacional;factTrabajo-ENCUESTA-Actividad Realizada-Regional;factTrabajo-ENCUESTA-Empleo Formal-Nacional;factTrabajo-ENCUESTA-Empleo Informal-Nacional;factTrabajo-ENCUESTA-Empleo Informal-Regional;factTrabajo-ENCUESTA-NINI-Nacional;factTrabajo-ENCUESTA-NINI-Regional;factTrabajo-ENCUESTA-Ingresos-Nacional;factTrabajo-ENCUESTA-Ingresos-Regional;factParticipacion-ENCUESTA-ParticipaciónAsociación-Nacional;factParticipacion-ENCUESTA-ConoceDemocracia-Nacional;factParticipacion-ENCUESTA-ConoceDemocracia-Regional;factParticipacion-ENCUESTA-ConfianzaInstituciones-Nacional;factParticipacion-ENCUESTA-CaracterísticaMásImportante-Nacional;factParticipacion-ENCUESTA-CaracterísticaMásImportante-Regional;factParticipacion-ENCUESTA-DemocraciaFunciona-Nacional;factParticipacion-ENCUESTA-DemocraciaFunciona-Regional;factParticipacion-ENCUESTA-DemocraciaImporta-Nacional;factParticipacion-ENCUESTA-DemocraciaImporta-Regional;factParticipacion-ENCUESTA-DemocraciaSiemprePreferible-Nacional;factParticipacion-ENCUESTA-DemocraciaSiemprePreferible-Regional;factParticipacion-ENCUESTA-PrincipalesProblemas-Nacional;factParticipacion-ENCUESTA-PrincipalesProblemas-Regional;factParticipacion-ENCUESTA-UtilidadDemocracia-Nacional;factParticipacion-ENCUESTA-UtilidadDemocracia-Regional;factSalud-REGISTRO-CONADIS;factCompetenciasDigitales-ENCUESTA-Dispositivo Utilizados-NACIONAL;factCompetenciasDigitales-ENCUESTA-Uso de Internet-NACIONAL;factCompetenciasDigitales-ENCUESTA-Competencias-NACIONAL;factCompetenciasDigitales-ENCUESTA-Uso de Internet-REGIONAL;factEducacion-AsistenciaSuperior-Nacional;factEducacion-AsistenciaSuperior-Regional;factVictimizacion-ENCUESTA-InseguridadCaminarNoche-Nacional;factVictimizacion-ENCUESTA-InseguridadCaminarNoche-Regional;factVictimizacion-ENCUESTA-VictimaHechoDelictivo-Nacional;factVictimizacion-ENCUESTA-VictimaHechoDelictivo-Regional;factVictimizacion-ENCUESTA-PercepcionInseguridad-Nacional;factVictimizacion-ENCUESTA-PercepcionInseguridad-Regional;factVictimizacion-ENCUESTA-ActividadQueDejóDeRealizar-Nacional;factVictimizacion-ENCUESTA-ActividadQueDejóDeRealizar-Regional;factVictimizacion-ENCUESTA-Revictimización-Nacional;factVictimizacion-ENCUESTA-Revictimización-Regional;factTrabajo-Filtro;factViolencia-ENCUESTA-Discriminacion-Nacional;factViolencia-ENCUESTA-Familiar-Nacional;factViolencia-ENCUESTA-Familiar-Regional;factViolencia-ENCUESTA-Fisica-Nacional;factViolencia-ENCUESTA-FisicaAlgunaVez-Nacional;factViolencia-ENCUESTA-FisicaAlgunaVez-Regional;factViolencia-ENCUESTA-FísicaSexual-Nacional;factViolencia-ENCUESTA-FSPAlgunaVez-Nacional;factViolencia-ENCUESTA-FSPAlgunaVez-Regional;factViolencia-ENCUESTA-PsicológicaAlgunaVez-Nacional;factViolencia-ENCUESTA-PsicológicaAlgunaVez-Regional;factViolencia-ENCUESTA-Sexual-Nacional;factViolencia-ENCUESTA-SexualAlgunaVez-Nacional;dimDepartamento;dimRegion;dimProvincia;dimDistrito;factSalud-ENCUESTA-Embarazo-Regional;factSalud-ENCUESTA-Alcohol-Regional;factSalud-ENCUESTA-Mental-Regional;dimNivelEducativoAlcanzado;dimAsistenciaUniversitaria;factViolencia-REGISTRO-Victima;factMigraciones-REGISTRO-Inmigrantes;factOrganizacionesJuveniles-Organizaciones;factOrganizacionesJuveniles-Miembros;factMigraciones_FlujoMigratorio;Votantes jóvenes;Extranjeros Votantes jóvenes;Votantes Extranjeros;Votantes Totales
modulo,,Política Nacional de Juventud,,registro,https://observatorio-juventud.minedu.gob.pe/politica-nacional-de-la-juventud/,b962ae86-3eb8-4ecf-961c-b38912811c8a,2026-08-20T13:52:31.38,Indicadores;Lineamientos;Matriz de Indicadores;Objetivo Prioritario;Proveedor;Servicio;Valor de Indicadores
modulo,,Datos Demográficos,,poblacion,https://observatorio-juventud.minedu.gob.pe/dato-joven/datos-demograficos/,ebddf39c-9fde-4695-9385-4ff363a3ffcf,2026-08-26T14:25:35.06,factPoblacionGeneral;factPoblacionJoven;Año;dimDepartamento;dimDistrito;dimProvincia;dimRegion;Edad;Sexo
modulo,,Indicadores regionales (consolidado),,consolidado,https://observatorio-juventud.minedu.gob.pe/indicadores-regionales/,e53bf32b-4313-45fa-966b-33172bd8d50f,2026-08-24T14:05:17.487,dimDepartamento;dimRegion;dimProvincia;Año;factPoblacionGeneral;factPoblacionJoven;Sexo;dimDistrito;Rango Etario;factEducación_AñosDeEscolaridad;factEducación_AsistenciaSuperior;factEducacion_ConclusionSecundaria;factEducacion_ConclusionSuperior;factEducación_MaxNivelAlcanzado;factTrabajo_ActividadRealizada;factTrabajo_Desempleo;factTrabajo_EmpleoFormal;factTrabajo_EmpleoInformal;factTrabajo_Ingresos;factTrabajo_PEA;factSalud-Alcohol;factSalud-CuentaConSeguro;factSalud_EpisodioDepresivo;factSalud-Embarazo;factSalud-EnfermedadCrónica;factSalud-SIS;factSalud-Tabaco;factVictimizacionSeguridadCiudadana_ActividadQueDejóDeRealizar;factVictimizacionSeguridadCiudadana_InseguridadCaminarNoche;factVictimizacionSeguridadCiudadana_PercepciónInseguridad12Meses;factVictimizacionSeguridadCiudadana_Revictimización;factVictimizacionSeguridadCiudadana_VíctimaHechoDelictivo;factViolencia_Familiar;factViolencia_FísicaAlgunaVez;factViolencia_FSPAlgunaVez;factViolencia_PsicológicaAlgunaVez;factParticipaciónCiudadana_ConfianzaInstituciones;factParticipaciónCiudadana_ConoceDemocracia;factParticipaciónCiudadana_DemocraciaFunciona;factParticipaciónCiudadana_DemocraciaImporta;factParticipaciónCiudadana_DemocraciaSiemprePreferible;factParticipaciónCiudadana_ParticipaciónAsociación;factViolencia_FísicaSexual
modulo,,Organizaciones juveniles (RENOJ),,registro,https://observatorio-juventud.minedu.gob.pe/renoj/,a8e15d92-0bea-4689-8269-cbf2f1161419,2026-08-26T14:34:04.163,Representantes;Miembros;dimDepartamento;dimRegion;Año;Rango Etario
modulo,,Programa de Voluntariado Juvenil,,registro,https://observatorio-juventud.minedu.gob.pe/programa-de-voluntariado-juvenil/,b6d288e4-c6a4-4890-a3e7-90f63632e731,2026-08-20T14:21:48.24,Edad;Nivel Educativo;Nivel Ocupacional;Sexo;dimDepartamento;dimRegion;dimProvincia;dimDistrito;fact_Voluntarios;fact_movilizacion
indicador,educacion,Años promedio de estudios alcanzados,"Promedio de años de estudio alcanzado, población de 15 a 29 años.",encuesta,https://observatorio-juventud.minedu.gob.pe/educacion-anos-promedio-de-estudios-alcanzados/,918e0866-e363-48bf-89df-17a391a3e498,2026-08-20T20:11:37.537,Año;datosNacionales;datosRegionales;Region Natural;Datos Regionales;Tabla_Nacional;dimRegion
indicador,educacion,Asistencia a educación superior,Jóvenes de 17 a 24 años asiste a algún nivel de educación superior.,encuesta,https://observatorio-juventud.minedu.gob.pe/educacion-asistencia-a-educacion-superior/,09dff173-98f9-412c-a319-0fed8620c134,2026-08-20T16:51:41.95,Año;datosNacionales;datosRegionales;Asistencia a educación superior;Region Natural;Datos Regionales;Tabla_Nacional
indicador,educacion,Conclusión de la educación secundaria,Jóvenes de 17 a 18 años que concluyeron la educación secundaria.,encuesta,https://observatorio-juventud.minedu.gob.pe/educacion-conclusion-de-la-educacion-secundaria/,9d6494a1-c8d8-478f-b160-a97d24953ed5,2026-08-20T20:09:58.863,Año;datosNacionales;datosRegionales;Region Natural;Datos Regionales;Tabla_Nacional;dimRegion
indicador,educacion,Conclusión de la educación superior,Jóvenes de 22 a 24 años que concluyeron educación superior.,encuesta,https://observatorio-juventud.minedu.gob.pe/educacion-conclusion-de-la-educacion-superior/,36ee8bf7-2a6e-47af-820e-fb2bdc173f25,2026-08-20T21:46:21.677,Año;datosNacionales;datosRegionales;Region Natural;Datos Regionales;Tabla_Nacional
indicador,educacion,Nivel educativo alcanzado,Nivel educativo alcanzado por jóvenes de 15 a 29 años.,encuesta,https://observatorio-juventud.minedu.gob.pe/educacion-nivel-educativo-alcanzado/,85a857ab-db2f-4534-b125-7437d6f67f8b,2026-08-20T21:44:42.407,Año;datosNacionales;datosRegionales;Nivel Educativo Alcanzado;Region Natural;Datos Regionales;Tabla_Nacional
indicador,empleo,Actividades que realizan los jóvenes,Actividades que realizan los jóvenes de 15 a 29 años.,encuesta,https://observatorio-juventud.minedu.gob.pe/empleo-actividades-que-realizan-los-jovenes/,1d5c3a83-4008-4156-b8c1-55d99cbc7dd2,2026-08-27T19:50:59.64,Año;datosNacionales;datosRegionales;actividadRealizada;Region Natural;Tabla_Nacional
indicador,empleo,Empleo formal,Tasa de empleo formal de jóvenes de 15 a 29 años.,encuesta,https://observatorio-juventud.minedu.gob.pe/empleo-empleo-formal/,60556b58-310b-4655-aa4f-2adb1ea9b9ff,2026-07-22T15:16:38.533,Año;datosNacionales;datosRegionales
indicador,empleo,Empleo informal,Tasa de empleo informal de jóvenes de 15 a 29 años.,encuesta,https://observatorio-juventud.minedu.gob.pe/empleo-empleo-informal/,5a034445-7032-43c0-9943-55e64f2437d1,2026-07-22T14:50:17.217,Año;datosNacionales;datosRegionales;Datos Regionales
indicador,empleo,Ingreso promedio mensual,Ingreso promedio mensual de jóvenes de 15 a 29 años.,encuesta,https://observatorio-juventud.minedu.gob.pe/empleo-ingreso-promedio-mensual/,632abca8-dede-46eb-81d8-79895010f4e4,2026-07-22T15:16:29.96,Año;datosNacionales;datosRegionales;Datos Regionales
indicador,empleo,Jóvenes que no estudian ni trabajan (NINI),Jóvenes de 15 a 29 años que ni estudian ni trabajan.,encuesta,https://observatorio-juventud.minedu.gob.pe/empleo-jovenes-que-no-estudian-ni-trabajan-nini/,2aa1ef53-ec5d-4f25-a6b2-e928dc23c8fc,2026-07-22T15:21:18.117,Año;datosNacionales;datosRegionales;Region Natural
indicador,empleo,Población económicamente activa (PEA),Tasa de jóvenes de 15 a 29 años que forman parte de la PEA.,encuesta,https://observatorio-juventud.minedu.gob.pe/empleo-poblacion-economicamente-activa-pea/,975fec72-3fe8-4934-b270-012b729ee088,2026-07-22T15:45:42.273,Año;datosNacionales;datosRegionales;Datos Regionales
indicador,empleo,Tasa de desempleo,Tasa de desempleo de jóvenes de 15 a 29 años.,encuesta,https://observatorio-juventud.minedu.gob.pe/empleo-tasa-de-desempleo/,22b68639-4fde-48bc-861d-0be2b060439b,2026-07-22T15:54:16.98,Año;datosNacionales;datosRegionales
indicador,empleo,Trabajadores jóvenes del sector cultural,"Presenta la distribución y evolución de los registros de jóvenes de 18 a 29 años vinculados al sector cultural, según periodo, sexo, edad, departamento y sector cultural.",registro,https://observatorio-juventud.minedu.gob.pe/empleo-trabajadores-jovenes-del-sector-cultural/,31a6aa96-922b-46b3-a371-2150bfa08067,2026-07-20T19:37:57.943,Año;Rango Etario;Sexo;Mes;dimDepartamento;trabajadoresCulturales
indicador,habilidades-digitales,Actividades digitales de los jóvenes,Actividades que realizan los jóvenes de 15 a 29 años.,encuesta,https://observatorio-juventud.minedu.gob.pe/habilidades-digitales-actividades-digitales-de-los-jovenes/,ecc7c59d-8647-4ddf-9e4c-5b4fcd615968,2026-09-16T18:14:28.433,Año;datosNacionales;datosRegionales;actividadInformatica
indicador,habilidades-digitales,Dispositivo de acceso a internet,Dispositivo que utilizan para acceder a internet.,encuesta,https://observatorio-juventud.minedu.gob.pe/habilidades-digitales-dispositivo-de-acceso-a-internet/,d939ef7c-0ff1-4b8f-9d96-52c2e3cf7975,2026-08-07T16:29:51.89,Año;datosNacionales;datosRegionales;dispositivoUtilizado
indicador,habilidades-digitales,Jóvenes usuarios de internet,Población de 15 a 29 años que hace uso de internet.,encuesta,https://observatorio-juventud.minedu.gob.pe/habilidades-digitales-jovenes-usuarios-de-internet/,0247579b-e9eb-4678-b049-e9702866fb40,2026-08-07T16:19:21.923,Año;datosNacionales;datosRegionales;Datos Regionales
indicador,habilidades-digitales,Frecuencia de uso del internet,Porcentaje de jóvenes de 15 a 29 años según frecuencia de uso de Internet.,encuesta,https://observatorio-juventud.minedu.gob.pe/indicador-habilidades-digitales/frecuencia-de-uso-del-internet/,641dbdd5-13ba-492d-bf0a-dce6ca508ef4,2026-08-19T17:27:31.5,Año;datosNacionales;datosRegionales;Region Natural;Datos Regionales;dimRegion;frecuenciaDeUso;Tabla_Nacional
indicador,habilidades-digitales,Lugar de acceso a internet,Porcentaje de jóvenes de 15 a 29 años según frecuencia de uso de Internet.,encuesta,https://observatorio-juventud.minedu.gob.pe/indicador-habilidades-digitales/lugar-de-acceso-a-internet/,282d3f1d-5543-44bf-8fd7-7c6d12af0ae8,2026-08-19T20:04:44.293,Año;datosNacionales;datosRegionales;Region Natural;Datos Regionales;dimRegion;frecuenciaDeUso;Tabla_Nacional
indicador,salud,Consumo de cigarrillos,Jóvenes de 15 a 29 años que consumieron al menos un cigarrillo en los últimos 30 días.,encuesta,https://observatorio-juventud.minedu.gob.pe/salud-consumo-de-cigarrillos/,9c469220-4825-4e5f-b823-ba49d3f28955,2026-07-22T22:03:31.143,Año;datosNacionales;datosRegionales
indicador,salud,Consumo de bebidas alcohólicas,Jóvenes de 15 a 29 años que consumieron bebidas alcohólicas en los últimos 30 días.,encuesta,https://observatorio-juventud.minedu.gob.pe/salud-consumo-de-bebidas-alcoholicas/,c0b6c4e2-5fd0-45b6-abb4-65741dbd7a3d,2026-07-22T19:44:26.313,Año;datosNacionales;datosRegionales
indicador,salud,Embarazo adolescente,Adolescentes de 15 a 19 años que son madres o que están embarazadas por primera vez,encuesta,https://observatorio-juventud.minedu.gob.pe/salud-embarazo-adolescente/,c2d389fa-1335-49f6-ba3e-cddbf69215f9,2026-07-22T18:11:29.273,Año;datosNacionales;datosRegionales
indicador,salud,Episodio depresivo,Jóvenes de 15 a 29 años que tuvieron algún evento depresivo en los últimos 12 meses.,encuesta,https://observatorio-juventud.minedu.gob.pe/salud-episodio-depresivo/,98d214dd-902e-45aa-8bfc-6876fafb1ca8,2026-07-22T19:46:45.957,Año;datosNacionales;datosRegionales
indicador,salud,Con algún seguro de salud,Jóvenes de 15 a 29 años que cuentan con algún seguro de salud.,encuesta,https://observatorio-juventud.minedu.gob.pe/salud-con-algun-seguro-de-salud/,7a46e9a9-7522-4964-9fc8-b903c6c4d34f,2026-07-22T17:48:43.487,Año;datosNacionales;datosRegionales
indicador,salud,Con Seguro Integral de Salud (SIS),Jóvenes de 15 a 29 años que cuentan con Seguro Integral de Salud (SIS),encuesta,https://observatorio-juventud.minedu.gob.pe/salud-con-seguro-integral-de-salud-sis/,8eade45e-1613-47b2-a1d3-cf4c0ba2dd15,2026-07-22T19:50:55.597,Año;datosNacionales;datosRegionales
indicador,salud,Problema de salud crónico,Jóvenes de 15 a 29 años que tienen algún problema de salud crónico.,encuesta,https://observatorio-juventud.minedu.gob.pe/salud-problema-de-salud-cronico/,c1c80c67-fb6e-40c8-bc7f-ddf6ff5f56ef,2026-07-22T19:48:16.1,Año;datosNacionales;datosRegionales
indicador,salud,Certificación de discapacidad,Jóvenes de 15 a 29 años de edad registrados con discapacidad.,registro,https://observatorio-juventud.minedu.gob.pe/salud-certificacion-de-discapacidad/,629afc58-e810-4e22-8720-24679d411334,2026-08-07T17:26:18.38,dimRegion;Año;Rango Etario;dimProvincia;dimDistrito;discapacidad;Sexo;Mes
indicador,salud,Registro de atletas del IPD,Jóvenes de 15 a 29 años registrados en el Instituto Peruano del Deporte.,registro,https://observatorio-juventud.minedu.gob.pe/salud-ipd/,7b7c046c-754a-4b25-9517-fbebdb301d9f,2026-08-26T19:58:46.387,dimRegion;Año;Rango Etario;dimProvincia;dimDistrito;Sexo;Mes;IPD
indicador,salud,VIH / SIDA,Población joven de 15 a 29 que presentan diagnósticos registrados.,registro,https://observatorio-juventud.minedu.gob.pe/salud-vih/,5143b0bb-02a6-412f-9644-c74dfd2890ab,2026-08-21T22:33:37.243,dimRegion;Año;Rango Etario;dimProvincia;dimDistrito;Sexo;Mes;VIH;dimDepartamento;Indicador diagnóstico;Parámetro
indicador,salud,CONADIS,Grupo de jóvenes de 15 a 29 años inscritos en el Registro Nacional de la Persona con Discapacidad.,registro,https://observatorio-juventud.minedu.gob.pe/salud-conadis/,9a0ad43e-4936-4414-bd81-7bdee6a4646a,2026-08-10T19:22:11.583,dimRegion;Año;Rango Etario;dimProvincia;dimDistrito;Sexo;Mes;RNPCD;DimDeficiencia;RegistroDeficiencia;DimLimitacion;RegistroLimitacion
indicador,salud,Certificado de nacidos vivos (CNV),"Presenta la evolución temporal, distribución territorial y características sociodemográficas de los nacidos vivos registrados cuyas madres tenían entre 15 y 19 años, durante el periodo 2019–junio de 2026.",registro,https://observatorio-juventud.minedu.gob.pe/salud-certificado-de-nacidos-vivos/,34f5cda5-f596-470e-95c9-ae9b804f0d66,2026-08-18T16:27:14.387,dimRegion;Año;dimProvincia;dimDistrito;Mes;CNV;dimPais;dimDepartamento
indicador,participacion-ciudadana,Participación Juvenil,Jóvenes de 15 a 29 años que participa en algún tipo de organización.,encuesta,https://observatorio-juventud.minedu.gob.pe/participacion-participacion-juvenil/,6f3ef35f-e69c-41f8-8b96-625ce219ddc6,2026-07-22T20:04:04.377,Año;datosNacionales;datosRegionales
indicador,participacion-ciudadana,Principales problemas del país,Principales problemas del país para la población de 18 a 29 años.,encuesta,https://observatorio-juventud.minedu.gob.pe/participacion-principales-problemas-del-pais/,ce27da82-f0c7-4b13-9639-ccad482e4207,2026-08-04T22:23:15.59,Año;datosNacionales;datosRegionales;principalProblema
indicador,participacion-ciudadana,Percepción de la democracia,Percepción de la democracia por la población de 18 a 29 años.,encuesta,https://observatorio-juventud.minedu.gob.pe/participacion-percepcion-de-la-democracia/,1437381e-0c53-491e-aca2-53ebd9cb72d7,2026-07-22T20:06:48.89,Año;datosNacionales;datosRegionales
indicador,participacion-ciudadana,Características más importantes asociadas a la democracia,Percepción de las características más importantes asociadas a la democracia en jóvenes de 18 a 29 años.,encuesta,https://observatorio-juventud.minedu.gob.pe/participacion-caracteristicas-asociadas-a-la-democracia/,0161724c-db57-4e6f-8de1-f63f9410fb99,2026-08-26T21:21:03.123,Año;datosNacionales;datosRegionales;caracteristicasImportantes;Tabla_Nacional;Region Natural
indicador,participacion-ciudadana,Percepción de la importancia de la democracia en el Perú,Percepción de la importancia de la democracia en el Perú en la población de 18 a 29 años.,encuesta,https://observatorio-juventud.minedu.gob.pe/participacion-percepcion-de-la-democracia-en-el-peru/,1e310e72-9f12-4e45-a81b-0c5ee6346dc1,2026-07-22T20:12:34.213,Año;datosNacionales;datosRegionales
indicador,participacion-ciudadana,Percepción del funcionamiento de la democracia,La percepción de que la democracia en el Perú funciona bien o muy bien en los jóvenes de 18 a 29 años de edad.,encuesta,https://observatorio-juventud.minedu.gob.pe/participacion-percepcion-del-funcionamiento-de-la-democracia/,f2ec1139-c351-4879-8adf-9590ef60a108,2026-07-22T20:15:28.81,Año;datosNacionales;datosRegionales
indicador,participacion-ciudadana,Confianza en las instituciones,Confianza que tiene la población de 18 a 29 años de edad hacia las instituciones del país.,encuesta,https://observatorio-juventud.minedu.gob.pe/participacion-confianza-en-las-instituciones/,a40f3667-12c8-4f7b-82ac-77c95aea9522,2026-08-26T22:04:19.993,Año;datosNacionales;datosRegionales;instituciones;Tabla_Nacional
indicador,violencia-y-discriminacion,"Violencia Familiar (física, psicológica y/o sexual)",Mujeres de 15 a 29 años que han sufrido violencia familiar por parte de su esposo o compañero en los últimos 12 meses.,encuesta,https://observatorio-juventud.minedu.gob.pe/violencia-violencia-familiar/,058bdf18-27d8-43f5-947d-25f0f3a1ef2f,2026-07-22T22:11:12.4,Año;datosNacionales;datosRegionales
indicador,violencia-y-discriminacion,Violencia física y/o sexual,Mujeres de 15 a 29 años que han sufrido violencia física y/o sexual por parte de su esposo o compañero en los últimos 12 meses.,encuesta,https://observatorio-juventud.minedu.gob.pe/violencia-violencia-fisica-y-o-sexual/,971c03a3-2aef-4d4a-8935-8af41234c424,2026-07-22T22:14:30.35,Año;datosNacionales;datosRegionales
indicador,violencia-y-discriminacion,Percepción de discriminación en los jóvenes,Población de 18 a 29 años que declararon haber sido víctimas de algún tipo de discriminación en los últimos 12 meses.,encuesta,https://observatorio-juventud.minedu.gob.pe/violencia-percepcion-de-discriminacion/,ee199e61-49c0-4c00-a3d3-56ac8eb0097e,2026-07-22T22:12:30.883,Año;datosNacionales;datosRegionales
indicador,violencia-y-discriminacion,Violencia psicológica,Población de 15 a 29 años que han sufrido violencia psicológica por parte de su esposo o compañero alguna vez.,encuesta,https://observatorio-juventud.minedu.gob.pe/violencia-violencia-psicologica/,33930367-6396-4e2f-bbdc-988e601cf217,2026-07-22T22:22:05.07,Año;datosNacionales;datosRegionales
indicador,violencia-y-discriminacion,Jóvenes víctimas de violencia registrados en los Centros Emergencia Mujer y Familia (CEM),"Dashboard que analiza la violencia en jóvenes, incluyendo nivel de riesgo, vínculo con el agresor y situación educativa-laboral.",registro,https://observatorio-juventud.minedu.gob.pe/cem/,6eb19ff9-5532-4053-abb6-3b1d70de93e9,2026-09-16T21:02:58.083,CEM;dimDepartamento
indicador,victimizacion,Jóvenes víctimas de algún hecho delictivo,"Población de 15 a 29 años residentes en áreas urbanas, víctimas de hechos delictivos que atentó contra su seguridad.",encuesta,https://observatorio-juventud.minedu.gob.pe/victimizacion-jovenes-victimas/,54db291c-5415-4d6b-86db-1347e42b405c,2026-06-17T22:12:33.433,Año;datosNacionales;datosRegionales
indicador,victimizacion,Percepción de inseguridad de los jóvenes,Jóvenes de 15 a 29 años de edad percibe que podría ser víctima de algún hecho delictivo en los próximos doce meses.,encuesta,https://observatorio-juventud.minedu.gob.pe/victimizacion-percepcion-de-inseguridad/,66abdc22-1a0c-4c78-9f5a-502038c14472,2026-07-24T17:39:08.117,Año;datosNacionales;datosRegionales
indicador,victimizacion,Percepción de inseguridad de los jóvenes al caminar solo/a de noche en su zona o barrio,Población de 15 a 29 años de edad que declaran haber sentido inseguridad al caminar solo/a de noche en sus respectivas zonas o barrios.,encuesta,https://observatorio-juventud.minedu.gob.pe/victimizacion-inseguridad-al-caminar/,39a04592-445d-4907-b180-fd0592bafd66,2026-07-22T22:45:59.487,Año;datosNacionales;datosRegionales
indicador,victimizacion,INPE,"Analizamos el progreso educativo de la juventud, el nivel alcanzado, años de estudio y finalización de secundaria, visibilizando brechas regionales.",registro,https://observatorio-juventud.minedu.gob.pe/victimizacion-inpe/,e0217a09-8ae5-40fe-bf51-c5b0ad6f1003,2026-07-24T23:33:20.213,Año;Rango Etario;Sexo;dimRegion;poblacion
indicador,victimizacion,MININTER,"Presenta información sobre jóvenes de 18 a 29 años detenidos por la presunta comisión de delitos e intervenidos por faltas, según sexo, año, mes y departamento de registro.",registro,https://observatorio-juventud.minedu.gob.pe/victimizacion-mininter/,c5fdb01d-c23c-495a-a4e6-fc98d63dd437,2026-07-17T19:51:06.563,Año;Sexo;Mes;dimDepartamento;detenidosComisionDelitos;intervenidosPorFalta;accidenteDeTransitoNoFatal;accidenteDeTransitoFatal;violenciaFamiliar;violenciaSexual
indicador,juventud-migrante,Movimiento migratorio de jóvenes,"Ingresos y salidas de jóvenes de 15 a 29 años durante el periodo 2019-2025, según sexo, grupo de edad, país, punto de control, medio de transporte y motivo de viaje.",registro,https://observatorio-juventud.minedu.gob.pe/juventud-migrante-jovenes/,9336cf3b-9858-460d-9834-badf17a9b49d,2026-06-12T17:00:25.72,Año;Rango Etario;Sexo;Mes;fact_movimiento_migratorio
