ficha,temas_renoj,justificacion
F-01,Educación,Preparación para estudios superiores: organizaciones juveniles cuyo tema principal es la educación.
F-02,Desarrollo social y/o económico; Otros (especifique) Empleabilidad,Empleo e ingresos.
F-03,Democracia y Derechos Humanos,Derechos laborales como derechos.
F-04,Desarrollo social y/o económico,Emprendimiento e ingresos.
F-05,,No hay organizaciones juveniles acreditadas de deporte en Lima Este.
F-06,Cultura y arte,Festival y escenario cultural.
F-07,Cultura y arte,Proyección de cine como actividad cultural.
F-08,Cultura y arte,Ferias del libro y bibliotecas como actividad cultural.
F-09,Cultura y arte,Patrimonio cultural.
F-10,,Ninguna temática del RENOJ corresponde a los videojuegos.
F-11,"Ciencia, tecnología y TICS",Retos de tecnología.
F-12,Salud; Igualdad de género,Bienestar y salud de mujeres jóvenes.
F-14,Acciones solidarias y altruistas,Voluntariado.
