id,tipo,grupo,linea,formato_sostenido,ficha,participacion_fuente,participacion_clave,participacion_relacion,latente_fuente,latente_clave,oferta_ids,necesidad_tipo
A-01,Música en vivo,actividad,Cultura y encuentro,"Escenario o ciclo musical mensual en un espacio público, con bandas y artistas jóvenes locales",,enapres_asistencia,Espectáculo musical (conciertos; festivales),misma,enapres_motivos,Espectáculo musical (conciertos; festivales),C3-007; C3-022; C3-057; C3-073; C3-085; C3-127,sin evidencia
A-02,Cine,actividad,Cultura y encuentro,Cineclub: proyecciones gratuitas periódicas con conversación,F-07,enapres_asistencia,Cine,relacionada,enapres_motivos,Cine,,sin evidencia
A-03,Festivales y fiestas locales,actividad,Cultura y encuentro,"Festival o fiesta local gratuita (por naturaleza, un evento anual)",F-06,enapres_asistencia,Festival local o tradicional (fiestas patronales; carnavales),misma,enapres_motivos,Festival local o tradicional (fiestas patronales; carnavales),,sin evidencia
A-04,Danza,actividad,Cultura y encuentro,Taller o elenco de danza con ensayos semanales y presentaciones,,enapres_asistencia,Danza,relacionada,enapres_motivos,Danza,C3-035; C3-045; C3-047; C3-062; C3-091; C3-097; C3-103; C3-142,sin evidencia
A-05,Teatro,actividad,Cultura y encuentro,Taller de teatro con montaje y funciones,,enapres_asistencia,Teatro,relacionada,enapres_motivos,Teatro,C3-063; C3-067; C3-137,sin evidencia
A-06,Circo y artes urbanas,actividad,Cultura y encuentro,"Taller de circo o artes urbanas (malabares, acrobacia) con presentaciones",,enapres_asistencia,Circo,relacionada,enapres_motivos,Circo,C3-137,sin evidencia
A-07,Artes visuales,actividad,Cultura y encuentro,"Taller de dibujo, pintura, fotografía o muralismo con exposición",,enapres_asistencia,"Exposición de fotografía, pintura o arte",relacionada,enapres_motivos,"Exposición de fotografía, pintura o arte",C3-014; C3-015; C3-059; C3-079; C3-138; C3-140,sin evidencia
A-08,Artesanía,actividad,Cultura y encuentro,Taller de artesanía con ferias de venta,,enapres_asistencia,Feria artesanal,relacionada,enapres_motivos,Feria artesanal,C3-015; C3-023,sin evidencia
A-09,Ferias del libro y lectura,actividad,Cultura y encuentro,Club de lectura o escritura con participación en ferias del libro,F-08,enapres_asistencia,Feria del libro,misma,enapres_motivos,Feria del libro,,sin evidencia
A-10,Biblioteca como espacio juvenil,actividad,Cultura y encuentro,"Actividades juveniles permanentes en bibliotecas (estudio, clubes, talleres)",F-08,enapres_asistencia,Biblioteca o sala de lectura,misma,enapres_motivos,Biblioteca o sala de lectura,,sin evidencia
A-11,Patrimonio,actividad,Cultura y encuentro,"Rutas periódicas por el patrimonio local, guiadas por jóvenes",F-09,enapres_patrimonio,Monumento histórico,misma,ninguna,,,sin evidencia
A-12,Deporte organizado,actividad,Deporte y actividad física,"Liga, torneo o entrenamiento semanal para jóvenes de 18 a 29",F-05,enut_semana,Deporte y ejercicio físico,relacionada,ninguna,,,sin evidencia
A-13,Videojuegos presenciales,actividad,Cultura digital,Club o torneo periódico de videojuegos presencial,F-10,enapres_bienes,Videojuegos multijugador en línea,relacionada,ninguna,,,sin evidencia
A-14,Tecnología,actividad,Cultura digital,Talleres de programación o retos colaborativos de tecnología,F-11,ninguna,,sin dato,ninguna,,,sin evidencia
A-15,Voluntariado,actividad,Participación,"Voluntariado de corta duración y resultados visibles, con convocatorias periódicas",F-14,enut_semana,Voluntariado y ayuda a la comunidad u otros hogares,misma,ninguna,,,objetivo institucional
A-16,Preparación para la educación superior,servicio,Educación,"Academia preuniversitaria gratuita y orientación, con ciclos",F-01,ninguna,,sin dato,enaho_preu,E-024,,brecha de acceso
A-17,Acompañamiento para el empleo,servicio,Empleo e ingresos,"Programa de preparación para buscar empleo y conexión con vacantes, por ciclos",F-02,enaho_segmento,busca_trabajo,relacionada,enaho_empleo,,,prevalencia
A-18,Emprendimiento,servicio,Empleo e ingresos,Acompañamiento a jóvenes que ya trabajan por cuenta propia,F-04,enaho_segmento,independiente,relacionada,ninguna,,,sin evidencia
A-19,Derechos laborales,servicio,Empleo e ingresos,Talleres sobre derechos laborales y formalización,F-03,ninguna,,sin dato,ninguna,,,prevalencia
A-20,Bienestar y salud mental,servicio,Bienestar y protección,"Espacio de bienestar para mujeres jóvenes, con derivación",F-12,ninguna,,sin dato,ninguna,,,prevalencia (medida en Lima Metropolitana)
