id,tema,indicador,poblacion,ambito,periodo,valor,unidad,ee,cv,ic95_inf,ic95_sup,n_muestral,precision,personas_dj_inf,personas_dj_sup,personas_encuesta,personas_encuesta_ee,naturaleza,tipo_dato,validacion,antiguedad,fuente,archivo,limitacion,citada_en
E-001,población,Jóvenes de 15 a 29 años,15-29 años,Lima Este (suma de 7 distritos),2026,712279.0,personas,,,,,,no aplica,,,,,registro administrativo,dato observado,,reciente (2022 o después),Dato Joven: población joven (REUNIS/INEI),data/processed/capa1_poblacion_joven_distritos.csv,Proyección administrativa; las series por edad son inestables entre años (D5): solo nivel 2026.,sí
E-002,población,Jóvenes de 15 a 19 años,15-19 años,Lima Este (suma de 7 distritos),2026,226257.0,personas,,,,,,no aplica,,,,,registro administrativo,dato observado,,reciente (2022 o después),Dato Joven: población joven (REUNIS/INEI),data/processed/capa1_poblacion_joven_distritos.csv,,sí
E-003,población,Jóvenes de 20 a 24 años,20-24 años,Lima Este (suma de 7 distritos),2026,220858.0,personas,,,,,,no aplica,,,,,registro administrativo,dato observado,,reciente (2022 o después),Dato Joven: población joven (REUNIS/INEI),data/processed/capa1_poblacion_joven_distritos.csv,,sí
E-004,población,Jóvenes de 25 a 29 años,25-29 años,Lima Este (suma de 7 distritos),2026,265164.0,personas,,,,,,no aplica,,,,,registro administrativo,dato observado,,reciente (2022 o después),Dato Joven: población joven (REUNIS/INEI),data/processed/capa1_poblacion_joven_distritos.csv,,sí
E-005,población,Mujeres de 15 a 29 años,mujeres 15-29 años,Lima Este (suma de 7 distritos),2026,380941.0,personas,,,,,,no aplica,,,,,registro administrativo,dato observado,,reciente (2022 o después),Dato Joven: población joven (REUNIS/INEI),data/processed/capa1_poblacion_joven_distritos.csv,"En 25-29 hay 56 % de mujeres, una composición poco habitual (D5): usar con cautela por sexo.",
E-006,población,Hombres de 15 a 29 años,hombres 15-29 años,Lima Este (suma de 7 distritos),2026,331338.0,personas,,,,,,no aplica,,,,,registro administrativo,dato observado,,reciente (2022 o después),Dato Joven: población joven (REUNIS/INEI),data/processed/capa1_poblacion_joven_distritos.csv,,
E-010,población,Jóvenes de 15 a 29 años,15-29 años,San Juan de Lurigancho,2026,310972.0,personas,,,,,,no aplica,,,,,registro administrativo,dato observado,,reciente (2022 o después),Dato Joven: población joven (REUNIS/INEI),data/processed/capa1_poblacion_resumen.csv,,sí
E-011,población,Jóvenes de 15 a 29 años,15-29 años,Ate,2026,176748.0,personas,,,,,,no aplica,,,,,registro administrativo,dato observado,,reciente (2022 o después),Dato Joven: población joven (REUNIS/INEI),data/processed/capa1_poblacion_resumen.csv,,sí
E-007,población,Jóvenes de 15-29 según la expansión de la ENAHO (promedio anual),15-29 años,Lima Este (expansión de la encuesta),2022-2025,847715.0,personas,41468.0,4.891738379054281,,,,no aplica,,,,,encuesta representativa,dato observado,,reciente (2022 o después),ENAHO 2022-2025,data/processed/integracion_bases_enaho.csv,Los factores de la encuesta no se calibran por distrito: el total de Lima Este es una estimación con error.,sí
E-008,población,Jóvenes de 15-29 según la expansión de la ENAPRES (promedio anual),15-29 años,Lima Este (expansión de la encuesta),2022-2025,676549.0,personas,39248.0,5.801205825446494,,,,no aplica,,,,,encuesta representativa,dato observado,,reciente (2022 o después),"ENAPRES 2022-2025, cap. 800A",data/processed/integracion_bases_enapres.csv,Ídem.,sí
E-009,población,Jóvenes de 15-29 según la expansión de la ENUT,15-29 años,Lima Este (expansión de la encuesta),2024,557805.0,personas,80367.0,14.407723129050474,,,,no aplica,,,,,encuesta representativa,dato observado,,reciente (2022 o después),ENUT 2024,data/processed/integracion_bases_enut.csv,Ídem; muestra pequeña.,sí
E-020,educación,Asiste a educación básica o superior,15-29 años,Lima Este,2022-2025,35.404,%,1.184,3.343,33.083360000000006,37.72464,2673.0,confiable,,,,,encuesta representativa,dato observado,,reciente (2022 o después),"ENAHO 2022-2025, Módulo 03 (INEI), cálculo propio",data/processed/capa2_educacion_internet_enaho.csv,,
E-021,educación,Asiste a educación básica o superior,15-19 años,Lima Este,2022-2025,62.394,%,1.941,3.11,58.589639999999996,66.19836,955.0,confiable,,,,,encuesta representativa,dato observado,,reciente (2022 o después),"ENAHO 2022-2025, Módulo 03 (INEI), cálculo propio",data/processed/capa2_educacion_internet_enaho.csv,,sí
E-022,educación,Asiste a educación básica o superior,25-29 años,Lima Este,2022-2025,10.798,%,1.192,11.039,8.461680000000001,13.134319999999999,862.0,confiable,,,,,encuesta representativa,dato observado,,reciente (2022 o después),"ENAHO 2022-2025, Módulo 03 (INEI), cálculo propio",data/processed/capa2_educacion_internet_enaho.csv,,sí
E-023,educación,No estudia y su nivel máximo es secundaria completa,15-24 años,Lima Este,2022-2025,28.964,%,1.164,4.019,26.68256,31.24544,1811.0,confiable,119301.728144,139703.049056,156590.544,10446.802,encuesta representativa,dato observado,sin referencia externa,reciente (2022 o después),"ENAHO 2022-2025, Módulos 02, 03 y 05 (INEI), cálculo propio",data/processed/integracion_enaho_segmentos.csv,Situación compatible con prepararse para la educación superior; no mide intención de estudiar.,sí
E-024,educación,"No estudia, secundaria completa y motivo principal: problemas económicos",15-24 años,Lima Este,2022-2025,9.763,%,0.822,8.424,8.15188,11.37412,1811.0,confiable,36448.278262,50855.396638000006,52782.433,5222.998,encuesta representativa,dato observado,sin referencia externa,reciente (2022 o después),"ENAHO 2022-2025, Módulos 02, 03 y 05 (INEI), cálculo propio",data/processed/integracion_enaho_segmentos.csv,Motivo principal (respuesta única); la pregunta solo se hace hasta los 24 años.,sí
E-025,educación,Motivo principal: problemas económicos (entre quienes no estudian con secundaria completa),15-24 años sin estudiar con secundaria completa,Lima Este,2022-2025,33.707,%,2.484,7.37,28.83836,38.57564,504.0,confiable,,,,,encuesta representativa,dato observado,sin referencia externa,reciente (2022 o después),"ENAHO 2022-2025, Módulos 02, 03 y 05 (INEI), cálculo propio",data/processed/integracion_enaho_segmentos.csv,,sí
E-026,educación,Motivo principal: está trabajando (entre quienes no estudian con secundaria completa),15-24 años sin estudiar con secundaria completa,Lima Este,2022-2025,34.37,%,2.4,6.983,29.665999999999997,39.074,504.0,confiable,,,,,encuesta representativa,dato observado,sin referencia externa,reciente (2022 o después),"ENAHO 2022-2025, Módulos 02, 03 y 05 (INEI), cálculo propio",data/processed/integracion_enaho_segmentos.csv,,sí
E-027,educación,Motivo principal: 'terminó sus estudios o asiste a academia preuniversitaria',15-24 años sin estudiar con secundaria completa,Lima Este,2022-2025,21.58,%,1.998,9.26,17.663919999999997,25.49608,504.0,confiable,,,,,encuesta representativa,dato observado,sin referencia externa,reciente (2022 o después),"ENAHO 2022-2025, Módulos 02, 03 y 05 (INEI), cálculo propio",data/processed/integracion_enaho_segmentos.csv,Categoría del INEI que mezcla dos situaciones opuestas; no se puede separar.,sí
E-028,educación,Motivo principal: 'terminó sus estudios o asiste a academia preuniversitaria',16-19 años sin estudiar con secundaria completa,Lima Este,2022-2025,38.792,%,3.546,9.141,31.84184,45.74216,230.0,confiable,,,,,encuesta representativa,dato observado,sin referencia externa,reciente (2022 o después),"ENAHO 2022-2025, Módulos 02, 03 y 05 (INEI), cálculo propio",data/processed/integracion_enaho_segmentos.csv,Ídem.,sí
E-029,educación,No estudia y su nivel máximo es secundaria completa,16-19 años,Lima Este,2022-2025,31.435,%,1.887,6.002,27.73648,35.13352,742.0,confiable,,,,,encuesta representativa,dato observado,sin referencia externa,reciente (2022 o después),"ENAHO 2022-2025, Módulos 02, 03 y 05 (INEI), cálculo propio",data/processed/integracion_enaho_segmentos.csv,La población 2026 no tiene el grupo 16-19: solo se estima con la expansión de la encuesta.,
E-030,educación,Su centro de estudios está en otro distrito (entre quienes asisten),20-24 años que estudian,Lima Este,2022-2025,64.097,%,2.859,4.461,58.493359999999996,69.70063999999999,318.0,confiable,,,,,encuesta representativa,dato observado,sin referencia externa,reciente (2022 o después),"ENAHO 2022-2025, Módulos 02, 03 y 05 (INEI), cálculo propio",data/processed/integracion_enaho_segmentos.csv,"Mide desplazamiento para estudiar, no distancia ni tiempo.",sí
E-031,educación,Su centro de estudios está en otro distrito (entre quienes asisten),15-19 años que estudian,Lima Este,2022-2025,23.758,%,1.855,7.806,20.1222,27.3938,594.0,confiable,,,,,encuesta representativa,dato observado,sin referencia externa,reciente (2022 o después),"ENAHO 2022-2025, Módulos 02, 03 y 05 (INEI), cálculo propio",data/processed/integracion_enaho_segmentos.csv,,sí
E-033,educación,Motivo principal para no estudiar: está trabajando,15-24 años que no asisten,Lima Este,2022-2025,31.322,%,1.803,5.756,27.78812,34.85588,899.0,confiable,,,,,encuesta representativa,dato observado,,reciente (2022 o después),"ENAHO 2022-2025, Módulo 03 (INEI), cálculo propio",data/processed/capa2_educacion_internet_enaho.csv,La pregunta solo se hace hasta los 24 años (en el archivo figura como 15-29).,sí
E-034,educación,Motivo principal para no estudiar: problemas económicos,15-24 años que no asisten,Lima Este,2022-2025,28.037,%,1.847,6.588,24.41688,31.65712,899.0,confiable,,,,,encuesta representativa,dato observado,,reciente (2022 o después),"ENAHO 2022-2025, Módulo 03 (INEI), cálculo propio",data/processed/capa2_educacion_internet_enaho.csv,Ídem.,sí
E-035,educación,Motivo principal para no estudiar: no le interesa o no le gusta,15-24 años que no asisten,Lima Este,2022-2025,2.146,%,0.502,23.381,1.16208,3.12992,899.0,referencial,,,,,encuesta representativa,dato observado,,reciente (2022 o después),"ENAHO 2022-2025, Módulo 03 (INEI), cálculo propio",data/processed/capa2_educacion_internet_enaho.csv,"Ídem; motivo de respuesta única, probablemente subdeclarado.",sí
E-036,educación,Motivo principal para no estudiar: de vacaciones,15-24 años que no asisten,Lima Este,2022-2025,12.806,%,1.413,11.037,10.03652,15.575479999999999,899.0,confiable,,,,,encuesta representativa,dato observado,,reciente (2022 o después),"ENAHO 2022-2025, Módulo 03 (INEI), cálculo propio",data/processed/capa2_educacion_internet_enaho.csv,Ídem.,sí
E-037,educación,Motivo principal para no estudiar: 'terminó sus estudios o asiste a academia',15-24 años que no asisten,Lima Este,2022-2025,16.679,%,1.335,8.004,14.062399999999998,19.2956,899.0,confiable,,,,,encuesta representativa,dato observado,,reciente (2022 o después),"ENAHO 2022-2025, Módulo 03 (INEI), cálculo propio",data/processed/capa2_educacion_internet_enaho.csv,Ídem; categoría mixta del INEI.,sí
E-032,digital,Usa internet para educación formal o capacitación (entre usuarios),15-29 años usuarios,Lima Este,2022-2025,32.709,%,1.419,4.34,29.927760000000003,35.49024,2578.0,confiable,,,,,encuesta representativa,dato observado,,reciente (2022 o después),"ENAHO 2022-2025, Módulo 03 (INEI), cálculo propio",data/processed/capa2_educacion_internet_enaho.csv,,sí
E-040,empleo,Estudia y trabaja,15-29 años,Lima Este,2022-2025,10.316,%,0.716,6.939,8.912640000000001,11.71936,2675.0,confiable,63482.86306560002,83474.5402144,87446.833,7664.674,encuesta representativa,dato observado,equivalente a Dato Joven (±1 punto),reciente (2022 o después),"ENAHO 2022-2025, Módulos 02, 03 y 05 (INEI), cálculo propio",data/processed/integracion_enaho_segmentos.csv,,sí
E-041,empleo,Solo estudia,15-29 años,Lima Este,2022-2025,27.884,%,0.956,3.43,26.01024,29.75776,2675.0,confiable,185265.4773696,211958.2753504,236375.018,13772.265,encuesta representativa,dato observado,equivalente a Dato Joven (±1 punto),reciente (2022 o después),"ENAHO 2022-2025, Módulos 02, 03 y 05 (INEI), cálculo propio",data/processed/integracion_enaho_segmentos.csv,,sí
E-042,empleo,Solo trabaja,15-29 años,Lima Este,2022-2025,44.224,%,1.102,2.491,42.06408,46.383919999999996,2675.0,confiable,299613.60838319996,330382.9215368,374896.542,20707.982,encuesta representativa,dato observado,no equivalente a Dato Joven,reciente (2022 o después),"ENAHO 2022-2025, Módulos 02, 03 y 05 (INEI), cálculo propio",data/processed/integracion_enaho_segmentos.csv,No equivalente a 'solo trabaja' de Dato Joven (hasta 2 puntos de diferencia).,
E-043,empleo,No estudia ni trabaja (definición del proyecto),15-29 años,Lima Este,2022-2025,17.576,%,0.744,4.233,16.11776,19.03424,2675.0,confiable,114803.4197504,135576.8943296,148996.158,9526.988,encuesta representativa,dato observado,no equivalente a Dato Joven,reciente (2022 o después),"ENAHO 2022-2025, Módulos 02, 03 y 05 (INEI), cálculo propio",data/processed/integracion_enaho_segmentos.csv,No equivalente a 'NINI' de Dato Joven: no se comparan.,sí
E-044,empleo,No estudia ni trabaja (definición del proyecto),mujeres 15-29 años,Lima Este,2022-2025,22.446,%,1.226,5.46,20.04304,24.84896,1337.0,confiable,76352.1570064,94659.87671360001,95877.08,7211.051,encuesta representativa,dato observado,no equivalente a Dato Joven,reciente (2022 o después),"ENAHO 2022-2025, Módulos 02, 03 y 05 (INEI), cálculo propio",data/processed/integracion_enaho_segmentos.csv,,sí
E-045,empleo,No estudia ni trabaja (definición del proyecto),hombres 15-29 años,Lima Este,2022-2025,12.63,%,0.929,7.357,10.80916,14.450840000000001,1338.0,confiable,35814.8545608,47881.1242392,53119.078,4817.572,encuesta representativa,dato observado,no equivalente a Dato Joven,reciente (2022 o después),"ENAHO 2022-2025, Módulos 02, 03 y 05 (INEI), cálculo propio",data/processed/integracion_enaho_segmentos.csv,,sí
E-046,empleo,Tasa de desempleo,15-29 años económicamente activos,Lima Este,2022-2025,9.578,%,0.85,8.874,7.911999999999999,11.244,1533.0,confiable,,,,,encuesta representativa,dato observado,validado con Dato Joven (D15),reciente (2022 o después),"ENAHO 2022-2025, Módulos 02, 03 y 05 (INEI), cálculo propio",data/processed/integracion_enaho_segmentos.csv,,sí
E-047,empleo,Tasa de desempleo,15-19 años económicamente activos,Lima Este,2022-2025,18.87,%,2.665,14.123,13.646600000000001,24.093400000000003,262.0,confiable,,,,,encuesta representativa,dato observado,validado con Dato Joven (D15),reciente (2022 o después),"ENAHO 2022-2025, Módulos 02, 03 y 05 (INEI), cálculo propio",data/processed/integracion_enaho_segmentos.csv,,sí
E-048,empleo,Busca trabajo (desocupado abierto),15-29 años,Lima Este,2022-2025,5.777,%,0.523,9.052,4.75192,6.80208,2675.0,confiable,33846.928256800005,48449.787403199996,48971.466,4957.806,encuesta representativa,dato observado,sin referencia externa,reciente (2022 o después),"ENAHO 2022-2025, Módulos 02, 03 y 05 (INEI), cálculo propio",data/processed/integracion_enaho_segmentos.csv,,sí
E-049,empleo,Sin trabajo y busca o quiere trabajar,15-29 años,Lima Este,2022-2025,11.399,%,0.688,6.037,10.050519999999999,12.74748,2675.0,confiable,71587.74335079998,90797.6230692,96631.075,7480.748,encuesta representativa,dato observado,sin referencia externa,reciente (2022 o después),"ENAHO 2022-2025, Módulos 02, 03 y 05 (INEI), cálculo propio",data/processed/integracion_enaho_segmentos.csv,,sí
E-050,empleo,Sin trabajo y busca o quiere trabajar,mujeres 15-29 años,Lima Este,2022-2025,13.421,%,1.007,7.504,11.44728,15.39472,1337.0,confiable,43607.3829048,58644.800315199995,57326.059,5254.007,encuesta representativa,dato observado,sin referencia externa,reciente (2022 o después),"ENAHO 2022-2025, Módulos 02, 03 y 05 (INEI), cálculo propio",data/processed/integracion_enaho_segmentos.csv,,sí
E-051,empleo,Sin trabajo y busca o quiere trabajar,hombres 15-29 años,Lima Este,2022-2025,9.346,%,0.844,9.026,7.69176,11.00024,1338.0,confiable,25485.7237488,36447.9752112,39305.016,4107.199,encuesta representativa,dato observado,sin referencia externa,reciente (2022 o después),"ENAHO 2022-2025, Módulos 02, 03 y 05 (INEI), cálculo propio",data/processed/integracion_enaho_segmentos.csv,,sí
E-052,empleo,Busca trabajo (entre quienes no estudian ni trabajan),15-29 años que no estudian ni trabajan,Lima Este,2022-2025,20.31,%,2.1,10.338,16.194,24.426,467.0,confiable,,,,,encuesta representativa,dato observado,sin referencia externa,reciente (2022 o después),"ENAHO 2022-2025, Módulos 02, 03 y 05 (INEI), cálculo propio",data/processed/integracion_enaho_segmentos.csv,,sí
E-053,empleo,Se dedica a los quehaceres del hogar (entre quienes no estudian ni trabajan),15-29 años que no estudian ni trabajan,Lima Este,2022-2025,51.002,%,2.607,5.112,45.89228,56.111720000000005,467.0,confiable,,,,,encuesta representativa,dato observado,sin referencia externa,reciente (2022 o después),"ENAHO 2022-2025, Módulos 02, 03 y 05 (INEI), cálculo propio",data/processed/integracion_enaho_segmentos.csv,,sí
E-054,empleo,Se dedica a los quehaceres del hogar (entre quienes no estudian ni trabajan),mujeres 15-29 años que no estudian ni trabajan,Lima Este,2022-2025,62.42,%,3.221,5.16,56.106840000000005,68.73316,286.0,confiable,,,,,encuesta representativa,dato observado,sin referencia externa,reciente (2022 o después),"ENAHO 2022-2025, Módulos 02, 03 y 05 (INEI), cálculo propio",data/processed/integracion_enaho_segmentos.csv,,sí
E-055,empleo,Busca trabajo (entre quienes no estudian ni trabajan),mujeres 15-29 años que no estudian ni trabajan,Lima Este,2022-2025,19.649,%,2.639,13.43,14.476560000000001,24.821440000000003,286.0,confiable,,,,,encuesta representativa,dato observado,sin referencia externa,reciente (2022 o después),"ENAHO 2022-2025, Módulos 02, 03 y 05 (INEI), cálculo propio",data/processed/integracion_enaho_segmentos.csv,,sí
E-056,empleo,Empleo informal entre los ocupados,15-29 años ocupados,Lima Este,2022-2023,70.011,%,2.191,3.13,65.71664,74.30536,652.0,confiable,,,,,encuesta representativa,dato observado,validado con Dato Joven (D15),reciente (2022 o después),"ENAHO 2022-2025, Módulos 02, 03 y 05 (INEI), cálculo propio",data/processed/integracion_enaho_segmentos.csv,,sí
E-057,empleo,Ocupado con empleo informal,15-29 años,Lima Este,2022-2023,37.591,%,1.586,4.219,34.482440000000004,40.69956,1290.0,confiable,245611.17880760002,289894.41897239996,301379.907,25554.317,encuesta representativa,dato observado,sin referencia externa,reciente (2022 o después),"ENAHO 2022-2025, Módulos 02, 03 y 05 (INEI), cálculo propio",data/processed/integracion_enaho_segmentos.csv,,sí
E-058,empleo,Trabaja como independiente o empleador (entre los ocupados),15-29 años ocupados,Lima Este,2022-2025,18.157,%,1.082,5.957,16.03628,20.27772,1380.0,confiable,,,,,encuesta representativa,dato observado,sin referencia externa,reciente (2022 o después),"ENAHO 2022-2025, Módulos 02, 03 y 05 (INEI), cálculo propio",data/processed/integracion_enaho_segmentos.csv,,sí
E-059,empleo,Trabaja como independiente o empleador,15-29 años,Lima Este,2022-2025,9.903,%,0.603,6.085,8.72112,11.08488,2675.0,confiable,62118.70632480001,78955.2724152,83948.35,6506.145,encuesta representativa,dato observado,sin referencia externa,reciente (2022 o después),"ENAHO 2022-2025, Módulos 02, 03 y 05 (INEI), cálculo propio",data/processed/integracion_enaho_segmentos.csv,,sí
E-060,tiempo,Trabajó o buscó trabajo en la semana (diario),15-29 años,Lima Este,2024,57.984,%,3.386,5.84,51.34744,64.62056,234.0,confiable,,,,,encuesta representativa,dato observado,,reciente (2022 o después),"ENUT 2024 (INEI), cálculo propio",data/processed/capa2_uso_tiempo_enut.csv,,sí
E-061,tiempo,Horas semanales de trabajo remunerado o búsqueda (entre quienes trabajaron),15-29 años,Lima Este,2024,41.972,horas,2.217,5.283,37.62668,46.31732,137.0,confiable,,,,,encuesta representativa,dato observado,,reciente (2022 o después),"ENUT 2024 (INEI), cálculo propio",data/processed/capa2_uso_tiempo_enut.csv,,sí
E-063,tiempo,Estudió en la semana (diario),15-29 años,Lima Este,2024,50.585,%,3.632,7.179,43.46628,57.703720000000004,234.0,confiable,,,,,encuesta representativa,dato observado,,reciente (2022 o después),"ENUT 2024 (INEI), cálculo propio",data/processed/capa2_uso_tiempo_enut.csv,,sí
E-070,hogar,No estudia ni trabaja y se dedica a los quehaceres del hogar,mujeres 15-29 años,Lima Este,2022-2025,14.011,%,1.064,7.595,11.925559999999999,16.09644,1337.0,confiable,45429.3475196,61317.9395004,59846.383,5519.377,encuesta representativa,dato observado,sin referencia externa,reciente (2022 o después),"ENAHO 2022-2025, Módulos 02, 03 y 05 (INEI), cálculo propio",data/processed/integracion_enaho_segmentos.csv,,sí
E-071,hogar,No estudia ni trabaja y se dedica a los quehaceres del hogar,hombres 15-29 años,Lima Este,2022-2025,3.839,%,0.539,14.054,2.78256,4.89544,1338.0,confiable,9219.678652800001,16220.452987199998,16144.466,2432.724,encuesta representativa,dato observado,sin referencia externa,reciente (2022 o después),"ENAHO 2022-2025, Módulos 02, 03 y 05 (INEI), cálculo propio",data/processed/integracion_enaho_segmentos.csv,,sí
E-072,hogar,No estudia ni trabaja y se dedica a los quehaceres del hogar,mujeres 25-29 años,Lima Este,2022-2025,17.869,%,2.097,11.737,13.75888,21.97912,426.0,confiable,,,,,encuesta representativa,dato observado,sin referencia externa,reciente (2022 o después),"ENAHO 2022-2025, Módulos 02, 03 y 05 (INEI), cálculo propio",data/processed/integracion_enaho_segmentos.csv,,
E-073,hogar,No estudia ni trabaja y se dedica a los quehaceres del hogar,mujeres 15-19 años,Lima Este,2022-2025,8.002,%,1.26,15.741,5.532400000000001,10.4716,483.0,referencial,,,,,encuesta representativa,dato observado,sin referencia externa,reciente (2022 o después),"ENAHO 2022-2025, Módulos 02, 03 y 05 (INEI), cálculo propio",data/processed/integracion_enaho_segmentos.csv,,
E-074,hogar,Conviviente o casada,mujeres 15-29 dedicadas al hogar,Lima Este,2022-2025,53.253,%,3.9,7.323,45.609,60.897,176.0,confiable,,,,,encuesta representativa,dato observado,sin referencia externa,reciente (2022 o después),"ENAHO 2022-2025, Módulos 02, 03 y 05 (INEI), cálculo propio",data/processed/integracion_enaho_segmentos.csv,,sí
E-075,hogar,Conviviente o casada,otras mujeres 15-29,Lima Este,2022-2025,13.135,%,1.173,8.934,10.83592,15.43408,1161.0,confiable,,,,,encuesta representativa,dato observado,sin referencia externa,reciente (2022 o después),"ENAHO 2022-2025, Módulos 02, 03 y 05 (INEI), cálculo propio",data/processed/integracion_enaho_segmentos.csv,,sí
E-076,hogar,Vive en un hogar con niños de 0 a 5 años,mujeres 15-29 dedicadas al hogar,Lima Este,2022-2025,57.9,%,3.9,6.736,50.256,65.544,176.0,confiable,,,,,encuesta representativa,dato observado,sin referencia externa,reciente (2022 o después),"ENAHO 2022-2025, Módulos 02, 03 y 05 (INEI), cálculo propio",data/processed/integracion_enaho_segmentos.csv,No identifica si son sus hijos.,sí
E-077,hogar,Vive en un hogar con niños de 0 a 5 años,otras mujeres 15-29,Lima Este,2022-2025,29.449,%,1.765,5.994,25.989600000000003,32.9084,1161.0,confiable,,,,,encuesta representativa,dato observado,sin referencia externa,reciente (2022 o después),"ENAHO 2022-2025, Módulos 02, 03 y 05 (INEI), cálculo propio",data/processed/integracion_enaho_segmentos.csv,,sí
E-078,hogar,Tiene 25-29 años,mujeres 15-29 dedicadas al hogar,Lima Este,2022-2025,46.789,%,4.011,8.574,38.927440000000004,54.65056,176.0,confiable,,,,,encuesta representativa,dato observado,sin referencia externa,reciente (2022 o después),"ENAHO 2022-2025, Módulos 02, 03 y 05 (INEI), cálculo propio",data/processed/integracion_enaho_segmentos.csv,,sí
E-079,hogar,Tiene al menos secundaria completa,mujeres 15-29 dedicadas al hogar,Lima Este,2022-2025,84.032,%,3.195,3.802,77.7698,90.29419999999999,176.0,confiable,,,,,encuesta representativa,dato observado,sin referencia externa,reciente (2022 o después),"ENAHO 2022-2025, Módulos 02, 03 y 05 (INEI), cálculo propio",data/processed/integracion_enaho_segmentos.csv,,sí
E-080,hogar,Quería trabajar la semana anterior,mujeres 15-29 dedicadas al hogar,Lima Este,2022-2025,20.809,%,3.257,15.654,14.42528,27.19272,176.0,referencial,,,,,encuesta representativa,dato observado,sin referencia externa,reciente (2022 o después),"ENAHO 2022-2025, Módulos 02, 03 y 05 (INEI), cálculo propio",data/processed/integracion_enaho_segmentos.csv,,sí
E-081,hogar,Usó internet el mes anterior,mujeres 15-29 dedicadas al hogar,Lima Este,2022-2025,93.901,%,1.937,2.063,90.10448,97.69752,176.0,confiable,,,,,encuesta representativa,dato observado,sin referencia externa,reciente (2022 o después),"ENAHO 2022-2025, Módulos 02, 03 y 05 (INEI), cálculo propio",data/processed/integracion_enaho_segmentos.csv,,sí
E-082,hogar,Usa internet para educación o capacitación (entre usuarias),mujeres 15-29 dedicadas al hogar,Lima Este,2022-2025,16.561,%,3.383,20.429,9.93032,23.191679999999998,166.0,referencial,,,,,encuesta representativa,dato observado,sin referencia externa,reciente (2022 o después),"ENAHO 2022-2025, Módulos 02, 03 y 05 (INEI), cálculo propio",data/processed/integracion_enaho_segmentos.csv,,sí
E-083,hogar,Usa internet para educación o capacitación (entre usuarias),otras mujeres 15-29,Lima Este,2022-2025,38.1,%,1.916,5.029,34.34464,41.855360000000005,1133.0,confiable,,,,,encuesta representativa,dato observado,sin referencia externa,reciente (2022 o después),"ENAHO 2022-2025, Módulos 02, 03 y 05 (INEI), cálculo propio",data/processed/integracion_enaho_segmentos.csv,,sí
E-084,hogar,Es hija del jefe o jefa de hogar,mujeres 15-29 dedicadas al hogar,Lima Este,2022-2025,46.116,%,3.766,8.167,38.73464,53.49736,176.0,confiable,,,,,encuesta representativa,dato observado,sin referencia externa,reciente (2022 o después),"ENAHO 2022-2025, Módulos 02, 03 y 05 (INEI), cálculo propio",data/processed/integracion_enaho_segmentos.csv,,sí
E-085,hogar,Es jefa de hogar o esposa/pareja del jefe,mujeres 15-29 dedicadas al hogar,Lima Este,2022-2025,37.823,%,3.671,9.705,30.62784,45.01816,176.0,confiable,,,,,encuesta representativa,dato observado,sin referencia externa,reciente (2022 o después),"ENAHO 2022-2025, Módulos 02, 03 y 05 (INEI), cálculo propio",data/processed/integracion_enaho_segmentos.csv,,sí
E-086,tiempo,Horas semanales de trabajo doméstico o de cuidado,mujeres 15-29 que no trabajaron ni estudiaron en la semana del diario,Lima Metropolitana,2024,61.863,horas,4.351,7.033,53.33504,70.39096,43.0,confiable,,,,,encuesta representativa,dato observado,,reciente (2022 o después),"ENUT 2024 (INEI), cálculo propio",data/processed/integracion_tiempo_enut.csv,"Lima Metropolitana; muestra pequeña (ver n); situación medida con el diario, no con las preguntas de empleo de la ENAHO.",sí
E-087,tiempo,Horas semanales de trabajo doméstico o de cuidado,mujeres 15-29 que trabajaron o estudiaron,Lima Metropolitana,2024,17.383,horas,0.97,5.578,15.4818,19.2842,305.0,confiable,,,,,encuesta representativa,dato observado,,reciente (2022 o después),"ENUT 2024 (INEI), cálculo propio",data/processed/integracion_tiempo_enut.csv,Lima Metropolitana.,sí
E-088,tiempo,Cuidó a otras personas del hogar en la semana,15-29 años,Lima Este,2024,48.9,%,3.724,7.615,41.60096,56.19904,234.0,confiable,,,,,encuesta representativa,dato observado,,reciente (2022 o después),"ENUT 2024 (INEI), cálculo propio",data/processed/capa2_uso_tiempo_enut.csv,,sí
E-089,tiempo,Cuidó a otras personas del hogar en la semana,mujeres 15-29 años,Lima Metropolitana,2024,56.594,%,2.936,5.188,50.83944,62.34856,348.0,confiable,,,,,encuesta representativa,dato observado,,reciente (2022 o después),"ENUT 2024 (INEI), cálculo propio",data/processed/capa2_uso_tiempo_enut.csv,Lima Metropolitana.,sí
E-090,tiempo,Cuidó a otras personas del hogar en la semana,hombres 15-29 años,Lima Metropolitana,2024,36.32,%,2.634,7.253,31.15736,41.48264,365.0,confiable,,,,,encuesta representativa,dato observado,,reciente (2022 o después),"ENUT 2024 (INEI), cálculo propio",data/processed/capa2_uso_tiempo_enut.csv,Lima Metropolitana.,sí
E-100,seguridad,Se siente inseguro/a caminando solo/a de noche en su zona o barrio,15-29 años,Lima Este,2022-2025,63.43,%,1.812,2.857,59.878479999999996,66.98152,1450.0,confiable,,,,,encuesta representativa,dato observado,réplica validada con Dato Joven (±1 punto),reciente (2022 o después),"ENAPRES, capítulo de seguridad ciudadana (INEI), cálculo propio",data/processed/integracion_seguridad_enapres.csv,,sí
E-101,seguridad,Se siente insegura caminando sola de noche en su zona o barrio,mujeres 15-29 años,Lima Este,2022-2025,72.262,%,2.49,3.446,67.3816,77.1424,759.0,confiable,,,,,encuesta representativa,dato observado,réplica validada con Dato Joven (±1 punto),reciente (2022 o después),"ENAPRES, capítulo de seguridad ciudadana (INEI), cálculo propio",data/processed/integracion_seguridad_enapres.csv,,sí
E-102,seguridad,Se siente inseguro caminando solo de noche en su zona o barrio,hombres 15-29 años,Lima Este,2022-2025,53.861,%,2.514,4.668,48.93356,58.788439999999994,691.0,confiable,,,,,encuesta representativa,dato observado,réplica validada con Dato Joven (±1 punto),reciente (2022 o después),"ENAPRES, capítulo de seguridad ciudadana (INEI), cálculo propio",data/processed/integracion_seguridad_enapres.csv,,sí
E-103,seguridad,Dejó o evitó salir de noche por temor a la delincuencia (últimos 12 meses),15-29 años,Lima Este,2022-2024,12.835,%,1.005,7.83,10.865200000000002,14.8048,1727.0,confiable,77390.53790800001,105451.481392,,,encuesta representativa,dato observado,réplica validada con Dato Joven (±1 punto),reciente (2022 o después),"ENAPRES, capítulo de seguridad ciudadana (INEI), cálculo propio",data/processed/integracion_seguridad_enapres.csv,,sí
E-104,seguridad,Dejó o evitó salir de noche por temor a la delincuencia (últimos 12 meses),mujeres 15-29 años,Lima Este,2022-2024,15.999,%,1.76,11.001,12.5494,19.4486,888.0,confiable,,,,,encuesta representativa,dato observado,réplica validada con Dato Joven (±1 punto),reciente (2022 o después),"ENAPRES, capítulo de seguridad ciudadana (INEI), cálculo propio",data/processed/integracion_seguridad_enapres.csv,,sí
E-105,seguridad,Dejó o evitó salir de noche por temor a la delincuencia (últimos 12 meses),hombres 15-29 años,Lima Este,2022-2024,9.744,%,1.257,12.904,7.280279999999999,12.20772,839.0,confiable,,,,,encuesta representativa,dato observado,réplica validada con Dato Joven (±1 punto),reciente (2022 o después),"ENAPRES, capítulo de seguridad ciudadana (INEI), cálculo propio",data/processed/integracion_seguridad_enapres.csv,,sí
E-106,seguridad,Dejó o evitó llegar muy tarde a casa por temor a la delincuencia (últimos 12 meses),15-29 años,Lima Este,2022-2024,11.023,%,0.985,8.936,9.0924,12.9536,1727.0,confiable,,,,,encuesta representativa,dato observado,réplica validada con Dato Joven (±1 punto),reciente (2022 o después),"ENAPRES, capítulo de seguridad ciudadana (INEI), cálculo propio",data/processed/integracion_seguridad_enapres.csv,,sí
E-107,seguridad,Dejó o evitó alguna actividad por temor a la delincuencia (últimos 12 meses),15-29 años,Lima Este,2022-2024,34.261,%,1.43,4.175,31.4582,37.0638,1727.0,confiable,,,,,encuesta representativa,dato observado,réplica validada con Dato Joven (±1 punto),reciente (2022 o después),"ENAPRES, capítulo de seguridad ciudadana (INEI), cálculo propio",data/processed/integracion_seguridad_enapres.csv,,
E-108,seguridad,Se siente inseguro/a caminando solo/a de noche en su zona o barrio,15-29 años,Lima Metropolitana,2022-2025,60.927,%,1.005,1.649,58.9572,62.8968,4655.0,confiable,,,,,encuesta representativa,dato observado,réplica validada con Dato Joven (±1 punto),reciente (2022 o después),"ENAPRES, capítulo de seguridad ciudadana (INEI), cálculo propio",data/processed/integracion_seguridad_enapres.csv,Lima Este forma parte de Lima Metropolitana: la comparación entre ambas es descriptiva.,
E-110,cultura,Fue al cine en los últimos 12 meses,15-29 años,Lima Este,2022-2025,63.187,%,2.027,3.209,59.214079999999996,67.15992,738.0,confiable,421769.4568832,478366.00657679996,427489.0,28938.0,encuesta representativa,dato observado,,reciente (2022 o después),"ENAPRES 2022-2025, cap. 800A (INEI), cálculo propio",data/processed/capa2_cultura_enapres.csv,,sí
E-111,cultura,Fue al cine en los últimos 12 meses,mujeres 15-29,Lima Este,2022-2025,66.593,%,2.622,3.938,61.453880000000005,71.73212000000001,391.0,confiable,,,,,encuesta representativa,dato observado,,reciente (2022 o después),"ENAPRES 2022-2025, cap. 800A (INEI), cálculo propio",data/processed/capa2_cultura_enapres.csv,,sí
E-112,cultura,Fue al cine en los últimos 12 meses,hombres 15-29,Lima Este,2022-2025,59.276,%,2.952,4.98,53.490080000000006,65.06192,347.0,confiable,,,,,encuesta representativa,dato observado,,reciente (2022 o después),"ENAPRES 2022-2025, cap. 800A (INEI), cálculo propio",data/processed/capa2_cultura_enapres.csv,,sí
E-113,cultura,Su entrada al cine la pagó otra persona (entre quienes fueron),15-29 años que fueron al cine,Lima Este,2022-2025,40.73,%,2.632,6.461,35.571279999999994,45.88872,430.0,confiable,,,,,encuesta representativa,dato observado,,reciente (2022 o después),"ENAPRES 2022-2025, cap. 800A (INEI), cálculo propio",data/processed/capa2_cultura_enapres.csv,,sí
E-114,cultura,Motivo principal para no ir al cine: falta de dinero,15-29 años que no fueron al cine,Lima Este,2022-2025,18.79,%,2.438,12.977,14.011519999999999,23.56848,308.0,confiable,,,,,encuesta representativa,dato observado,,reciente (2022 o después),"ENAPRES 2022-2025, cap. 800A (INEI), cálculo propio",data/processed/capa2_cultura_enapres.csv,,sí
E-115,cultura,Motivo principal para no ir al cine: falta de interés,15-29 años que no fueron al cine,Lima Este,2022-2025,42.378,%,3.402,8.028,35.71008,49.04592,308.0,confiable,,,,,encuesta representativa,dato observado,,reciente (2022 o después),"ENAPRES 2022-2025, cap. 800A (INEI), cálculo propio",data/processed/capa2_cultura_enapres.csv,,sí
E-116,cultura,Motivo principal para no ir al cine: falta de tiempo,15-29 años que no fueron al cine,Lima Este,2022-2025,31.631,%,2.878,9.1,25.99012,37.27188,308.0,confiable,,,,,encuesta representativa,dato observado,,reciente (2022 o después),"ENAPRES 2022-2025, cap. 800A (INEI), cálculo propio",data/processed/capa2_cultura_enapres.csv,,sí
E-117,cultura,Fue al cine en los últimos 12 meses,15-19 años,Lima Este,2022-2025,68.248,%,3.194,4.68,61.98776000000001,74.50824,238.0,confiable,,,,,encuesta representativa,dato observado,,reciente (2022 o después),"ENAPRES 2022-2025, cap. 800A (INEI), cálculo propio",data/processed/integracion_cultura_edad_enapres.csv,,sí
E-118,cultura,Fue al cine en los últimos 12 meses,25-29 años,Lima Este,2022-2025,57.324,%,3.493,6.094,50.47772,64.17027999999999,272.0,confiable,,,,,encuesta representativa,dato observado,,reciente (2022 o después),"ENAPRES 2022-2025, cap. 800A (INEI), cálculo propio",data/processed/integracion_cultura_edad_enapres.csv,,sí
E-120,cultura,Fue a un concierto o festival musical en los últimos 12 meses,15-29 años,Lima Este,2022-2025,21.366,%,1.736,8.124,17.96344,24.76856,738.0,confiable,127949.81079759999,176421.2514824,144548.0,14333.0,encuesta representativa,dato observado,,reciente (2022 o después),"ENAPRES 2022-2025, cap. 800A (INEI), cálculo propio",data/processed/capa2_cultura_enapres.csv,,sí
E-121,cultura,Fue a un concierto o festival musical,15-19 años,Lima Este,2022-2025,8.354,%,1.755,21.011,4.914199999999999,11.7938,238.0,referencial,,,,,encuesta representativa,dato observado,,reciente (2022 o después),"ENAPRES 2022-2025, cap. 800A (INEI), cálculo propio",data/processed/integracion_cultura_edad_enapres.csv,,sí
E-122,cultura,Fue a un concierto o festival musical,20-24 años,Lima Este,2022-2025,27.796,%,3.635,13.076,20.6714,34.9206,228.0,confiable,,,,,encuesta representativa,dato observado,,reciente (2022 o después),"ENAPRES 2022-2025, cap. 800A (INEI), cálculo propio",data/processed/integracion_cultura_edad_enapres.csv,,sí
E-123,cultura,Fue a un concierto o festival musical,25-29 años,Lima Este,2022-2025,29.5,%,3.304,11.199,23.024160000000002,35.97584,272.0,confiable,,,,,encuesta representativa,dato observado,,reciente (2022 o después),"ENAPRES 2022-2025, cap. 800A (INEI), cálculo propio",data/processed/integracion_cultura_edad_enapres.csv,,sí
E-124,cultura,Compró su entrada al concierto (entre quienes fueron),15-29 años que fueron,Lima Este,2022-2025,58.572,%,4.416,7.54,49.91664,67.22736,149.0,confiable,,,,,encuesta representativa,dato observado,,reciente (2022 o después),"ENAPRES 2022-2025, cap. 800A (INEI), cálculo propio",data/processed/capa2_cultura_enapres.csv,,sí
E-125,cultura,Motivo principal para no ir a conciertos: falta de dinero,15-29 años que no fueron,Lima Este,2022-2025,21.211,%,1.858,8.761,17.569319999999998,24.85268,589.0,confiable,,,,,encuesta representativa,dato observado,,reciente (2022 o después),"ENAPRES 2022-2025, cap. 800A (INEI), cálculo propio",data/processed/capa2_cultura_enapres.csv,,sí
E-126,cultura,Motivo principal para no ir a conciertos: falta de interés,15-29 años que no fueron,Lima Este,2022-2025,40.795,%,2.39,5.858,36.110600000000005,45.4794,589.0,confiable,,,,,encuesta representativa,dato observado,,reciente (2022 o después),"ENAPRES 2022-2025, cap. 800A (INEI), cálculo propio",data/processed/capa2_cultura_enapres.csv,,sí
E-127,cultura,Motivo principal para no ir a conciertos: falta de tiempo,15-29 años que no fueron,Lima Este,2022-2025,31.859,%,2.231,7.002,27.486240000000002,36.23176,589.0,confiable,,,,,encuesta representativa,dato observado,,reciente (2022 o después),"ENAPRES 2022-2025, cap. 800A (INEI), cálculo propio",data/processed/capa2_cultura_enapres.csv,,sí
E-128,cultura,Fue a un concierto o festival musical,15-29 años,Lima Metropolitana,2022-2025,26.776,%,1.113,4.156,24.59452,28.95748,2202.0,confiable,,,,,encuesta representativa,dato observado,,reciente (2022 o después),"ENAPRES 2022-2025, cap. 800A (INEI), cálculo propio",data/processed/capa2_cultura_enapres.csv,Lima Este forma parte de Lima Metropolitana: la comparación entre ambas es descriptiva.,sí
E-130,cultura,Fue a un festival local o tradicional en los últimos 12 meses,15-29 años,Lima Este,2022-2025,19.587,%,1.736,8.866,16.18444,22.98956,738.0,confiable,115278.36738759998,163749.8080724,132515.0,13819.0,encuesta representativa,dato observado,,reciente (2022 o después),"ENAPRES 2022-2025, cap. 800A (INEI), cálculo propio",data/processed/capa2_cultura_enapres.csv,,sí
E-131,cultura,Fue a un festival local o tradicional,15-29 años,Lima Metropolitana,2022-2025,15.037,%,0.884,5.881,13.30436,16.769640000000003,2202.0,confiable,,,,,encuesta representativa,dato observado,,reciente (2022 o después),"ENAPRES 2022-2025, cap. 800A (INEI), cálculo propio",data/processed/capa2_cultura_enapres.csv,Lima Este forma parte de Lima Metropolitana: la comparación entre ambas es descriptiva.,sí
E-132,cultura,Entró gratis al festival (entre quienes fueron),15-29 años que fueron,Lima Este,2022-2025,92.668,%,2.422,2.613,87.92088000000001,97.41512,152.0,confiable,,,,,encuesta representativa,dato observado,,reciente (2022 o después),"ENAPRES 2022-2025, cap. 800A (INEI), cálculo propio",data/processed/capa2_cultura_enapres.csv,,sí
E-133,cultura,Motivo principal para no ir a festivales: falta de interés,15-29 años que no fueron,Lima Este,2022-2025,54.51,%,2.427,4.453,49.75308,59.26692,586.0,confiable,,,,,encuesta representativa,dato observado,,reciente (2022 o después),"ENAPRES 2022-2025, cap. 800A (INEI), cálculo propio",data/processed/capa2_cultura_enapres.csv,,sí
E-134,cultura,Fue a un festival local o tradicional,15-19 años,Lima Este,2022-2025,14.781,%,2.465,16.677,9.9496,19.6124,238.0,referencial,,,,,encuesta representativa,dato observado,,reciente (2022 o después),"ENAPRES 2022-2025, cap. 800A (INEI), cálculo propio",data/processed/integracion_cultura_edad_enapres.csv,,sí
E-135,cultura,Fue a un festival local o tradicional,25-29 años,Lima Este,2022-2025,23.543,%,3.188,13.543,17.29452,29.79148,272.0,confiable,,,,,encuesta representativa,dato observado,,reciente (2022 o después),"ENAPRES 2022-2025, cap. 800A (INEI), cálculo propio",data/processed/integracion_cultura_edad_enapres.csv,,sí
E-136,cultura,Fue a un espectáculo de danza,15-29 años,Lima Este,2022-2025,18.264,%,1.713,9.382,14.906519999999999,21.62148,738.0,confiable,,,,,encuesta representativa,dato observado,,reciente (2022 o después),"ENAPRES 2022-2025, cap. 800A (INEI), cálculo propio",data/processed/capa2_cultura_enapres.csv,,sí
E-137,cultura,Fue a una feria artesanal,15-29 años,Lima Este,2022-2025,20.755,%,1.714,8.26,17.39556,24.11444,738.0,confiable,,,,,encuesta representativa,dato observado,,reciente (2022 o después),"ENAPRES 2022-2025, cap. 800A (INEI), cálculo propio",data/processed/capa2_cultura_enapres.csv,,sí
E-138,cultura,Fue a algún espectáculo o exposición en vivo,15-29 años,Lima Este,2022-2025,44.642,%,2.107,4.72,40.512280000000004,48.77172,738.0,confiable,,,,,encuesta representativa,dato observado,,reciente (2022 o después),"ENAPRES 2022-2025, cap. 800A (INEI), cálculo propio",data/processed/capa2_cultura_enapres.csv,,sí
E-140,cultura,Fue a una biblioteca o sala de lectura,15-29 años,Lima Este,2022-2025,14.134,%,1.64,11.604,10.9196,17.3484,738.0,confiable,77778.017684,123569.010036,95620.0,12443.0,encuesta representativa,dato observado,,reciente (2022 o después),"ENAPRES 2022-2025, cap. 800A (INEI), cálculo propio",data/processed/capa2_cultura_enapres.csv,,sí
E-141,cultura,Fue a una biblioteca o sala de lectura,15-29 años,Lima Metropolitana,2022-2025,10.385,%,0.76,7.318,8.8954,11.8746,2202.0,confiable,,,,,encuesta representativa,dato observado,,reciente (2022 o después),"ENAPRES 2022-2025, cap. 800A (INEI), cálculo propio",data/processed/capa2_cultura_enapres.csv,Lima Este forma parte de Lima Metropolitana: la comparación entre ambas es descriptiva.,sí
E-142,cultura,Fue a una feria del libro,15-29 años,Lima Este,2022-2025,19.422,%,1.694,8.725,16.101760000000002,22.74224,738.0,confiable,114689.45511040003,161988.1996496,131399.0,14014.0,encuesta representativa,dato observado,,reciente (2022 o después),"ENAPRES 2022-2025, cap. 800A (INEI), cálculo propio",data/processed/capa2_cultura_enapres.csv,,sí
E-143,cultura,Entró gratis a la feria del libro (entre quienes fueron),15-29 años que fueron,Lima Este,2022-2025,76.875,%,4.112,5.349,68.81548,84.93452,134.0,confiable,,,,,encuesta representativa,dato observado,,reciente (2022 o después),"ENAPRES 2022-2025, cap. 800A (INEI), cálculo propio",data/processed/capa2_cultura_enapres.csv,,sí
E-144,cultura,Motivo principal para no ir a ferias del libro: no tuvo información oportuna,15-29 años que no fueron,Lima Este,2022-2025,11.644,%,1.67,14.343,8.370800000000001,14.9172,604.0,confiable,,,,,encuesta representativa,dato observado,,reciente (2022 o después),"ENAPRES 2022-2025, cap. 800A (INEI), cálculo propio",data/processed/capa2_cultura_enapres.csv,,sí
E-145,cultura,Leyó o accedió a libros digitales,15-29 años,Lima Este,2022-2025,54.76,%,2.196,4.009,50.455839999999995,59.06416,738.0,confiable,,,,,encuesta representativa,dato observado,,reciente (2022 o después),"ENAPRES 2022-2025, cap. 800A (INEI), cálculo propio",data/processed/capa2_cultura_enapres.csv,,sí
E-146,cultura,Leyó o accedió a libros impresos,15-29 años,Lima Este,2022-2025,39.233,%,2.12,5.405,35.077799999999996,43.3882,738.0,confiable,,,,,encuesta representativa,dato observado,,reciente (2022 o después),"ENAPRES 2022-2025, cap. 800A (INEI), cálculo propio",data/processed/capa2_cultura_enapres.csv,,sí
E-147,cultura,Leyó en la semana (diario),15-29 años,Lima Este,2024,12.865,%,2.268,17.631,8.419720000000002,17.31028,234.0,referencial,,,,,encuesta representativa,dato observado,,reciente (2022 o después),"ENUT 2024 (INEI), cálculo propio",data/processed/capa2_uso_tiempo_enut.csv,,sí
E-148,cultura,Entró gratis a la biblioteca (entre quienes fueron),15-29 años que fueron,Lima Este,2022-2025,96.015,%,2.747,2.861,90.63088,101.39912,89.0,confiable,,,,,encuesta representativa,dato observado,,reciente (2022 o después),"ENAPRES 2022-2025, cap. 800A (INEI), cálculo propio",data/processed/capa2_cultura_enapres.csv,,sí
E-150,cultura,Visitó un monumento histórico,15-29 años,Lima Este,2022-2025,25.081,%,1.883,7.508,21.39032,28.77168,738.0,confiable,152358.75739279998,204934.63458719998,169688.0,16365.0,encuesta representativa,dato observado,,reciente (2022 o después),"ENAPRES 2022-2025, cap. 800A (INEI), cálculo propio",data/processed/capa2_cultura_enapres.csv,,sí
E-151,cultura,Visitó un museo,15-29 años,Lima Este,2022-2025,20.273,%,1.84,9.076,16.6666,23.8794,738.0,confiable,,,,,encuesta representativa,dato observado,,reciente (2022 o después),"ENAPRES 2022-2025, cap. 800A (INEI), cálculo propio",data/processed/capa2_cultura_enapres.csv,,sí
E-152,cultura,Visitó un sitio arqueológico,15-29 años,Lima Este,2022-2025,17.521,%,1.656,9.451,14.27524,20.76676,738.0,confiable,,,,,encuesta representativa,dato observado,,reciente (2022 o después),"ENAPRES 2022-2025, cap. 800A (INEI), cálculo propio",data/processed/capa2_cultura_enapres.csv,,sí
E-160,digital,Jugó videojuegos multijugador en línea,hombres 15-29 años,Lima Este,2022-2025,52.758,%,3.079,5.836,46.72316,58.792840000000005,347.0,confiable,154811.5838808,194803.02019920002,166157.0,15659.0,encuesta representativa,dato observado,,reciente (2022 o después),"ENAPRES 2022-2025, cap. 800A (INEI), cálculo propio",data/processed/capa2_cultura_enapres.csv,,sí
E-161,digital,Jugó videojuegos multijugador en línea,mujeres 15-29 años,Lima Este,2022-2025,18.886,%,2.423,12.832,14.13692,23.63508,391.0,confiable,,,,,encuesta representativa,dato observado,,reciente (2022 o después),"ENAPRES 2022-2025, cap. 800A (INEI), cálculo propio",data/processed/capa2_cultura_enapres.csv,,sí
E-162,digital,Jugó videojuegos en el celular,hombres 15-29 años,Lima Este,2022-2025,60.918,%,3.117,5.117,54.808679999999995,67.02732,347.0,confiable,,,,,encuesta representativa,dato observado,,reciente (2022 o después),"ENAPRES 2022-2025, cap. 800A (INEI), cálculo propio",data/processed/capa2_cultura_enapres.csv,,sí
E-163,digital,Jugó videojuegos en el celular,mujeres 15-29 años,Lima Este,2022-2025,33.57,%,2.763,8.23,28.15452,38.98548,391.0,confiable,,,,,encuesta representativa,dato observado,,reciente (2022 o después),"ENAPRES 2022-2025, cap. 800A (INEI), cálculo propio",data/processed/capa2_cultura_enapres.csv,,sí
E-164,digital,Jugó videojuegos multijugador en línea,15-19 años,Lima Este,2022-2025,47.003,%,3.603,7.666,39.94112,54.06488,238.0,confiable,,,,,encuesta representativa,dato observado,,reciente (2022 o después),"ENAPRES 2022-2025, cap. 800A (INEI), cálculo propio",data/processed/integracion_cultura_edad_enapres.csv,,sí
E-165,digital,Jugó videojuegos multijugador en línea,25-29 años,Lima Este,2022-2025,22.903,%,3.315,14.476,16.4056,29.400399999999998,272.0,confiable,,,,,encuesta representativa,dato observado,,reciente (2022 o después),"ENAPRES 2022-2025, cap. 800A (INEI), cálculo propio",data/processed/integracion_cultura_edad_enapres.csv,,sí
E-168,digital,Jugó videojuegos multijugador en línea,15-29 años,Lima Este,2022-2025,34.654,%,2.089,6.029,30.559560000000005,38.74844,738.0,confiable,,,,,encuesta representativa,dato observado,,reciente (2022 o después),"ENAPRES 2022-2025, cap. 800A (INEI), cálculo propio",data/processed/capa2_cultura_enapres.csv,,sí
E-169,digital,Escuchó música por internet,15-29 años,Lima Este,2022-2025,90.34,%,1.221,1.351,87.94684000000001,92.73316,738.0,confiable,,,,,encuesta representativa,dato observado,,reciente (2022 o después),"ENAPRES 2022-2025, cap. 800A (INEI), cálculo propio",data/processed/capa2_cultura_enapres.csv,,sí
E-166,digital,Vio películas o video por internet,15-29 años,Lima Este,2022-2025,92.804,%,1.129,1.216,90.59116,95.01684,738.0,confiable,,,,,encuesta representativa,dato observado,,reciente (2022 o después),"ENAPRES 2022-2025, cap. 800A (INEI), cálculo propio",data/processed/capa2_cultura_enapres.csv,,sí
E-167,digital,"Usó computadora, tablet o celular en la semana (diario)",15-29 años,Lima Este,2024,92.728,%,1.792,1.933,89.21567999999999,96.24032,234.0,confiable,,,,,encuesta representativa,dato observado,,reciente (2022 o después),"ENUT 2024 (INEI), cálculo propio",data/processed/capa2_uso_tiempo_enut.csv,,sí
E-170,deporte,Hizo deporte o ejercicio en la semana (diario),15-29 años,Lima Este,2024,27.599,%,3.584,12.987,20.57436,34.62364,234.0,confiable,146546.8456644,246616.91675560002,153949.632,27999.083,encuesta representativa,dato observado,,reciente (2022 o después),"ENUT 2024 (INEI), cálculo propio",data/processed/integracion_tiempo_enut.csv,,sí
E-171,deporte,Hizo deporte o ejercicio en la semana,hombres 15-29 años,Lima Metropolitana,2024,49.137,%,2.902,5.906,43.44908,54.82492,365.0,confiable,,,,,encuesta representativa,dato observado,,reciente (2022 o después),"ENUT 2024 (INEI), cálculo propio",data/processed/capa2_uso_tiempo_enut.csv,Lima Metropolitana: la muestra de Lima Este no permite separar por sexo.,sí
E-172,deporte,Hizo deporte o ejercicio en la semana,mujeres 15-29 años,Lima Metropolitana,2024,19.715,%,2.67,13.544,14.4818,24.9482,348.0,confiable,,,,,encuesta representativa,dato observado,,reciente (2022 o después),"ENUT 2024 (INEI), cálculo propio",data/processed/capa2_uso_tiempo_enut.csv,Lima Metropolitana.,sí
E-173,deporte,Hizo deporte o ejercicio en la semana,25-29 años,Lima Este,2024,22.228,%,4.582,20.612,13.247280000000002,31.20872,82.0,referencial,,,,,encuesta representativa,dato observado,,reciente (2022 o después),"ENUT 2024 (INEI), cálculo propio",data/processed/capa2_uso_tiempo_enut.csv,,sí
E-174,deporte,Hizo deporte o ejercicio en la semana,15-29 años,Lima Metropolitana,2024,34.847,%,2.407,6.909,30.12928,39.56472,713.0,confiable,,,,,encuesta representativa,dato observado,,reciente (2022 o después),"ENUT 2024 (INEI), cálculo propio",data/processed/capa2_uso_tiempo_enut.csv,Lima Este forma parte de Lima Metropolitana: la comparación entre ambas es descriptiva.,sí
E-175,participación,Hizo voluntariado o ayudó a la comunidad u otros hogares en la semana,15-29 años,Lima Este,2024,9.024,%,1.788,19.814,5.519519999999999,12.528479999999998,234.0,referencial,,,,,encuesta representativa,dato observado,,reciente (2022 o después),"ENUT 2024 (INEI), cálculo propio",data/processed/integracion_tiempo_enut.csv,Incluye la ayuda a familiares o vecinos de otros hogares: no es solo voluntariado.,sí
E-190,tiempo,"Dedicó tiempo a aficiones, artes o juegos en la semana",15-29 años,Lima Este,2024,19.421,%,2.974,15.312,13.59196,25.25004,234.0,referencial,,,,,encuesta representativa,dato observado,,reciente (2022 o después),"ENUT 2024 (INEI), cálculo propio",data/processed/capa2_uso_tiempo_enut.csv,,sí
E-191,cultura,"Asistió a eventos culturales, de entretenimiento o deportivos en la semana",15-29 años,Lima Este,2024,13.798,%,2.093,15.168,9.695720000000001,17.90028,234.0,referencial,,,,,encuesta representativa,dato observado,,reciente (2022 o después),"ENUT 2024 (INEI), cálculo propio",data/processed/capa2_uso_tiempo_enut.csv,,sí
E-192,cultura,"Asistió a eventos culturales, de entretenimiento o deportivos en la semana",15-29 años,Lima Metropolitana,2024,21.927,%,1.901,8.67,18.20104,25.65296,713.0,confiable,,,,,encuesta representativa,dato observado,,reciente (2022 o después),"ENUT 2024 (INEI), cálculo propio",data/processed/capa2_uso_tiempo_enut.csv,Lima Este forma parte de Lima Metropolitana: la comparación entre ambas es descriptiva.,sí
E-176,tiempo,Poco o nada satisfecho con el tiempo para sus pasatiempos,15-29 años,Lima Este,2024,36.049,%,2.98,8.266,30.208199999999998,41.8898,234.0,confiable,,,,,encuesta representativa,dato observado,,reciente (2022 o después),"ENUT 2024 (INEI), cálculo propio",data/processed/capa2_uso_tiempo_enut.csv,,sí
E-177,tiempo,Poco o nada satisfecho con la cantidad de su tiempo libre,15-29 años,Lima Este,2024,30.128,%,3.215,10.672,23.8266,36.4294,234.0,confiable,,,,,encuesta representativa,dato observado,,reciente (2022 o después),"ENUT 2024 (INEI), cálculo propio",data/processed/capa2_uso_tiempo_enut.csv,,sí
E-180,tiempo,Tiene al menos 2 horas seguidas sin obligaciones entre 18:00 y 22:00 (día de semana),15-29 años,Lima Este,2024,37.474,%,3.21,8.566,31.182399999999998,43.7656,234.0,confiable,,,,,encuesta representativa,dato observado,,reciente (2022 o después),"ENUT 2024 (INEI), cálculo propio",data/processed/integracion_tiempo_enut.csv,Disponibilidad observada en un día registrado; no es preferencia.,sí
E-181,tiempo,Tiene al menos 2 horas seguidas sin obligaciones entre 14:00 y 18:00 (día de semana),15-29 años,Lima Este,2024,11.765,%,2.104,17.886,7.64116,15.888840000000002,234.0,referencial,,,,,encuesta representativa,dato observado,,reciente (2022 o después),"ENUT 2024 (INEI), cálculo propio",data/processed/integracion_tiempo_enut.csv,,sí
E-182,tiempo,Tiene al menos 2 horas seguidas sin obligaciones el sábado entre 14:00 y 18:00,15-29 años,Lima Este,2024,30.955,%,2.968,9.587,25.137719999999998,36.772279999999995,234.0,confiable,,,,,encuesta representativa,dato observado,,reciente (2022 o después),"ENUT 2024 (INEI), cálculo propio",data/processed/integracion_tiempo_enut.csv,,sí
E-183,tiempo,Tiene al menos 2 horas seguidas sin obligaciones el sábado entre 18:00 y 22:00,15-29 años,Lima Este,2024,47.125,%,3.045,6.461,41.156800000000004,53.093199999999996,234.0,confiable,,,,,encuesta representativa,dato observado,,reciente (2022 o después),"ENUT 2024 (INEI), cálculo propio",data/processed/integracion_tiempo_enut.csv,,sí
E-184,tiempo,Tiene al menos 2 horas seguidas sin obligaciones el domingo entre 14:00 y 18:00,15-29 años,Lima Este,2024,47.647,%,3.188,6.69,41.39852,53.89548,234.0,confiable,,,,,encuesta representativa,dato observado,,reciente (2022 o después),"ENUT 2024 (INEI), cálculo propio",data/processed/integracion_tiempo_enut.csv,,sí
E-185,tiempo,Tiene al menos 2 horas seguidas sin obligaciones el domingo entre 09:00 y 13:00,15-29 años,Lima Este,2024,30.333,%,3.085,10.17,24.2864,36.379599999999996,234.0,confiable,,,,,encuesta representativa,dato observado,,reciente (2022 o después),"ENUT 2024 (INEI), cálculo propio",data/processed/integracion_tiempo_enut.csv,,sí
E-186,tiempo,Tiene al menos 2 horas seguidas sin obligaciones el sábado entre 09:00 y 13:00,15-29 años,Lima Este,2024,13.388,%,2.022,15.101,9.42488,17.351119999999998,234.0,referencial,,,,,encuesta representativa,dato observado,,reciente (2022 o después),"ENUT 2024 (INEI), cálculo propio",data/processed/integracion_tiempo_enut.csv,,sí
E-187,tiempo,Tiene al menos 2 horas seguidas sin obligaciones entre 18:00 y 22:00 (día de semana),mujeres 15-29 años,Lima Metropolitana,2024,33.468,%,2.497,7.46,28.573880000000003,38.362120000000004,348.0,confiable,,,,,encuesta representativa,dato observado,,reciente (2022 o después),"ENUT 2024 (INEI), cálculo propio",data/processed/integracion_tiempo_enut.csv,Lima Metropolitana.,sí
E-188,tiempo,Tiene al menos 2 horas seguidas sin obligaciones entre 18:00 y 22:00 (día de semana),hombres 15-29 años,Lima Metropolitana,2024,47.947,%,2.837,5.918,42.386480000000006,53.50752,365.0,confiable,,,,,encuesta representativa,dato observado,,reciente (2022 o después),"ENUT 2024 (INEI), cálculo propio",data/processed/integracion_tiempo_enut.csv,Lima Metropolitana.,sí
E-189,tiempo,"Horas sin obligaciones ni sueño en un día de semana (incluye comer, aseo y descanso)",15-29 años,Lima Este,2024,6.02,horas,0.185,3.078,5.6574,6.382599999999999,234.0,confiable,,,,,encuesta representativa,dato observado,,reciente (2022 o después),"ENUT 2024 (INEI), cálculo propio",data/processed/integracion_tiempo_enut.csv,,
E-200,salud mental,Tuvo un episodio depresivo en los últimos 12 meses,mujeres 15-29 años,Lima Metropolitana,2024,21.6,%,2.5488000000000004,11.8,16.604352,26.595648000000004,,confiable,,,,,encuesta representativa,dato observado,,reciente (2022 o después),Dato Joven (ENDES),data/processed/capa1_indicadores_encuestas.csv,Lima Metropolitana; no hay dato de Lima Este.,sí
E-201,salud mental,Tuvo un episodio depresivo en los últimos 12 meses,hombres 15-29 años,Lima Metropolitana,2024,10.3,%,1.9879000000000002,19.3,6.403716,14.196284000000002,,referencial,,,,,encuesta representativa,dato observado,,reciente (2022 o después),Dato Joven (ENDES),data/processed/capa1_indicadores_encuestas.csv,Lima Metropolitana.,sí
E-202,violencia,Sufrió violencia de su esposo o compañero en los últimos 12 meses,mujeres 15-29 años con pareja,Lima Metropolitana,2025,31.5,%,3.969,12.6,23.72076,39.27924,,confiable,,,,,encuesta representativa,dato observado,,reciente (2022 o después),Dato Joven (ENDES),data/processed/capa1_indicadores_encuestas.csv,"Lima Metropolitana; serie muy variable entre años (39 %, 52 %, 45 % y 31 % en 2022-2025).",sí
E-203,violencia,Casos de violencia atendidos por los CEM (víctimas de 15-29 con domicilio en Lima Este),15-29 años,Lima Este (suma de 7 distritos),2025,3093.0,casos,,,,,,conteo,,,,,registro administrativo,dato observado,,reciente (2022 o después),Dato Joven: registro administrativo,data/processed/capa1_registros_distrito_anio.csv,"Mide atenciones, no prevalencia: depende del acceso y de la decisión de acudir.",sí
E-204,violencia,Mujeres entre las víctimas atendidas,víctimas de 15-29 atendidas,Lima Este (suma de 7 distritos),2022-2025,93.9875716245662,%,,,,,,conteo,,,,,registro administrativo,dato observado,,reciente (2022 o después),Dato Joven: registro administrativo,data/processed/capa1_registros_distrito_desagregado.csv,Ídem.,sí
E-205,violencia,Víctimas de 15-19 entre las atendidas,víctimas de 15-29 atendidas,Lima Este (suma de 7 distritos),2022-2025,40.88451295294972,%,,,,,,conteo,,,,,registro administrativo,dato observado,,reciente (2022 o después),Dato Joven: registro administrativo,data/processed/capa1_registros_distrito_desagregado.csv,Ídem.,sí
E-206,violencia,Casos de violencia sexual entre los atendidos,víctimas de 15-29 atendidas,Lima Este (suma de 7 distritos),2022-2025,34.92857719312404,%,,,,,,conteo,,,,,registro administrativo,dato observado,,reciente (2022 o después),Dato Joven: registro administrativo,data/processed/capa1_registros_distrito_desagregado.csv,Ídem.,sí
E-207,maternidad,Nacimientos de madres de 15-19 con residencia en Lima Este,mujeres 15-19 años,Lima Este (suma de 7 distritos),2025,1654.0,nacimientos,,,,,,conteo,,,,,registro administrativo,dato observado,,reciente (2022 o después),Dato Joven: registro administrativo,data/processed/capa1_registros_distrito_anio.csv,"Registra nacimientos, no embarazos.",sí
E-208,maternidad,Nacimientos de madres de 15-19 con residencia en Lima Este,mujeres 15-19 años,Lima Este (suma de 7 distritos),2019,3439.0,nacimientos,,,,,,conteo,,,,,registro administrativo,dato observado,,anterior a 2022,Dato Joven: registro administrativo,data/processed/capa1_registros_distrito_anio.csv,,sí
E-209,maternidad,Nacimientos de madres de 15-19 por 1 000 mujeres de 15-19,mujeres 15-19 años,El Agustino,2022-2025 (promedio anual; población 2026),24.249422632794456,por 1 000,,,,,,conteo,,,,,registro administrativo,dato observado,,reciente (2022 o después),Dato Joven: registro administrativo,data/processed/capa1_registros_resumen.csv,,sí
E-210,maternidad,Nacimientos de madres de 15-19 por 1 000 mujeres de 15-19,mujeres 15-19 años,Lima Metropolitana (mediana de 43 distritos),2022-2025,16.157593246167057,por 1 000,,,,,,conteo,,,,,registro administrativo,dato observado,,reciente (2022 o después),Dato Joven: registro administrativo,data/processed/capa1_registros_resumen.csv,,sí
E-213,maternidad,Nacimientos de madres de 15-19 por 1 000 mujeres de 15-19,mujeres 15-19 años,Santa Anita,2022-2025 (promedio anual; población 2026),18.86048868370679,por 1 000,,,,,,conteo,,,,,registro administrativo,dato observado,,reciente (2022 o después),Dato Joven: registro administrativo,data/processed/capa1_registros_resumen.csv,,sí
E-214,maternidad,Nacimientos de madres de 15-19 por 1 000 mujeres de 15-19,mujeres 15-19 años,Ate,2022-2025 (promedio anual; población 2026),17.072369558452337,por 1 000,,,,,,conteo,,,,,registro administrativo,dato observado,,reciente (2022 o después),Dato Joven: registro administrativo,data/processed/capa1_registros_resumen.csv,,sí
E-211,maternidad,Alguna vez estuvo embarazada,mujeres 15-19 años,Lima Metropolitana,2024,3.4,%,1.0438,30.7,1.354152,5.445848,,referencial,,,,,encuesta representativa,dato observado,,reciente (2022 o después),Dato Joven (ENDES),data/processed/capa1_indicadores_encuestas.csv,Lima Metropolitana.,sí
E-212,salud,Bebió alcohol en los últimos 30 días,15-29 años,Lima Metropolitana,2025,37.2,%,2.0460000000000003,5.5,33.189840000000004,41.21016,,confiable,,,,,encuesta representativa,dato observado,,reciente (2022 o después),Dato Joven (ENDES),data/processed/capa1_indicadores_encuestas.csv,Lima Metropolitana.,
E-220,participación,Participa en alguna asociación u organización,15-29 años,Lima Metropolitana,2025,0.7,%,0.19389999999999996,27.7,0.319956,1.080044,,referencial,,,,,encuesta representativa,dato observado,,reciente (2022 o después),Dato Joven (ENAHO),data/processed/capa1_indicadores_encuestas.csv,Lima Metropolitana.,sí
E-221,participación,Organizaciones juveniles acreditadas (RENOJ),organizaciones,Lima Este (suma de 7 distritos),2019-2026 (acumulado),182.0,organizaciones,,,,,,conteo,,,,,registro de autoselección (señal),dato observado,,reciente (2022 o después),Dato Joven: RENOJ,data/processed/capa1_renoj_resumen_distritos.csv,Solo las acreditadas; no indica si siguen activas.,sí
E-222,participación,Organizaciones juveniles acreditadas por 10 000 jóvenes,organizaciones,San Juan de Lurigancho,2019-2026 (acumulado),1.92943416127497,por 10 000,,,,,,conteo,,,,,registro de autoselección (señal),dato observado,,reciente (2022 o después),Dato Joven: RENOJ,data/processed/capa1_renoj_resumen_distritos.csv,,sí
E-223,participación,Organizaciones juveniles acreditadas por 10 000 jóvenes,organizaciones,Lima Metropolitana (mediana de 43 distritos),2019-2026,3.256091604710479,por 10 000,,,,,,conteo,,,,,registro de autoselección (señal),dato observado,,reciente (2022 o después),Dato Joven: RENOJ,data/processed/capa1_renoj_resumen_distritos.csv,,sí
E-224,participación,"Organizaciones acreditadas de ciencia, tecnología y TIC",organizaciones,Lima Este (suma de 7 distritos),2019-2026 (acumulado),18.0,organizaciones,,,,,,conteo,,,,,registro de autoselección (señal),dato observado,,reciente (2022 o después),Dato Joven: RENOJ,data/processed/capa1_renoj_organizaciones.csv,,sí
E-225,participación,Organizaciones acreditadas de cultura y arte (temática agrupada),organizaciones,Lima Este (suma de 7 distritos),2019-2026 (acumulado),20.0,organizaciones,,,,,,conteo,,,,,registro de autoselección (señal),dato observado,,reciente (2022 o después),Dato Joven: RENOJ,data/processed/capa1_renoj_organizaciones.csv,,sí
E-219,participación,Organizaciones acreditadas con temática principal de deporte,organizaciones,Lima Este (suma de 7 distritos),2019-2026 (acumulado),0.0,organizaciones,,,,,,conteo,,,,,registro de autoselección (señal),dato observado,,reciente (2022 o después),Dato Joven: RENOJ,data/processed/capa1_renoj_organizaciones.csv,,sí
E-226,participación,Personas inscritas en el Programa de Voluntariado Juvenil,inscritos,Lima Este (suma de 7 distritos),acumulado sin fecha,1727.0,personas,,,,,,conteo,,,,,registro de autoselección (señal),dato observado,,anterior a 2022,Dato Joven: Programa de Voluntariado Juvenil (inscritos),data/processed/capa1_voluntariado_distritos.csv,"Autoselección; acumulado sin fecha (D11, D18).",sí
E-227,participación,Mujeres entre los inscritos,inscritos,Lima Este (suma de 7 distritos),acumulado sin fecha,84.94499131441806,%,,,,,,conteo,,,,,registro de autoselección (señal),dato observado,,anterior a 2022,Dato Joven: Programa de Voluntariado Juvenil (inscritos),data/processed/capa1_voluntariado_distritos.csv,,sí
E-228,participación,Solo estudian (entre los inscritos),inscritos,Lima Este (suma de 7 distritos),acumulado sin fecha,65.37348002316155,%,,,,,,conteo,,,,,registro de autoselección (señal),dato observado,,anterior a 2022,Dato Joven: Programa de Voluntariado Juvenil (inscritos),data/processed/capa1_voluntariado_distritos.csv,,sí
E-229,participación,Organizaciones acreditadas de democracia y derechos humanos,organizaciones,Lima Este (suma de 7 distritos),2019-2026 (acumulado),7.0,organizaciones,,,,,,conteo,,,,,registro de autoselección (señal),dato observado,,reciente (2022 o después),Dato Joven: RENOJ,data/processed/capa1_renoj_organizaciones.csv,,sí
E-230,digital,Escribió un programa informático,15-29 años,Lima Metropolitana,2024,14.5,%,1.6964999999999997,11.7,11.17486,17.825139999999998,,confiable,,,,,encuesta representativa,dato observado,,reciente (2022 o después),Dato Joven (ENAHO),data/processed/capa1_indicadores_encuestas.csv,Lima Metropolitana.,sí
E-231,digital,Usa internet para vender productos o servicios (entre usuarios),15-29 años usuarios,Lima Este,2022-2025,3.872,%,0.439,11.349,3.01156,4.7324399999999995,2578.0,confiable,,,,,encuesta representativa,dato observado,,reciente (2022 o después),"ENAHO 2022-2025, Módulo 03 (INEI), cálculo propio",data/processed/capa2_educacion_internet_enaho.csv,,sí
E-240,aspiraciones,Su trabajo ideal es tener su propio negocio y ser el jefe,13-20 años,11 principales ciudades del Perú urbano,27/02/2020–15/03/2020 (antes de la cuarentena),45.0,%,,,,,,sin error publicado,,,,,estudio de mercado (orientativo),dato observado,,anterior a 2022,Ipsos: Perfil del adolescente y joven en el Perú Urbano 2020,fuentes/capa2_estudios_ipsos.csv,"11 ciudades del Perú urbano, 2020; no describe a Lima Este hoy (C2-D8).",sí
E-241,aspiraciones,Desea emprender,18-20 años sin negocio propio,Perú urbano,23/05/2019–16/06/2019,60.0,%,,,,,,sin error publicado,,,,,estudio de mercado (orientativo),dato observado,,anterior a 2022,Ipsos: Gen Z: Perfil del adolescente y joven del Perú urbano 2019,fuentes/capa2_estudios_ipsos.csv,"Perú urbano, 2019 (C2-D8).",sí
E-243,aspiraciones,Trabajaba en algo relacionado con su carrera,13-20 años que trabajaban,11 principales ciudades del Perú urbano,27/02/2020–15/03/2020 (antes de la cuarentena),23.0,%,,,,,,sin error publicado,,,,,estudio de mercado (orientativo),dato observado,,anterior a 2022,Ipsos: Perfil del adolescente y joven en el Perú Urbano 2020,fuentes/capa2_estudios_ipsos.csv,"11 ciudades del Perú urbano, 2020.",sí
E-244,diversión,Se divierte fuera de casa saliendo a comer,13-20 años,Perú urbano,23/05/2019–16/06/2019,44.0,%,,,,,,sin error publicado,,,,,estudio de mercado (orientativo),dato observado,,anterior a 2022,Ipsos: Gen Z: Perfil del adolescente y joven del Perú urbano 2019,fuentes/capa2_estudios_ipsos.csv,"Perú urbano, 2019.",sí
E-242,diversión,Tiene cuenta en TikTok,18-25 años usuarios de internet,Perú urbano (según la infografía),Estudios multiclientes 2021–2022,55.0,%,,,,,,sin error publicado,,,,,estudio de mercado (orientativo),dato observado,,reciente (2022 o después),Ipsos: Generaciones en el Perú 2022 (Perfil de la Generación Z 2022),fuentes/capa2_estudios_ipsos.csv,"Perú urbano, 2021-2022.",sí
E-300,oferta,Actividades publicadas registradas,todas,7 distritos de Lima Este,2024-2026,151.0,actividades,,,,,,conteo,,,,,oferta publicada,dato observado,,reciente (2022 o después),Registro de oferta de la Capa 3 (notas publicadas),fuentes/capa3_registro_oferta.csv,Depende de lo que cada institución publica (sesgo de visibilidad).,sí
E-301,oferta,Actividades dirigidas a jóvenes,juventud,7 distritos de Lima Este,2024-2026,44.0,actividades,,,,,,conteo,,,,,oferta publicada,dato observado,,reciente (2022 o después),Registro de oferta de la Capa 3 (notas publicadas),fuentes/capa3_registro_oferta.csv,,sí
E-302,oferta,Actividades para niños y adolescentes,adolescentes,7 distritos de Lima Este,2024-2026,53.0,actividades,,,,,,conteo,,,,,oferta publicada,dato observado,,reciente (2022 o después),Registro de oferta de la Capa 3 (notas publicadas),fuentes/capa3_registro_oferta.csv,,sí
E-303,oferta,Actividades para todo público,todo público,7 distritos de Lima Este,2024-2026,51.0,actividades,,,,,,conteo,,,,,oferta publicada,dato observado,,reciente (2022 o después),Registro de oferta de la Capa 3 (notas publicadas),fuentes/capa3_registro_oferta.csv,,sí
E-304,oferta,Actividades gratuitas,todas,7 distritos de Lima Este,2024-2026,99.0,actividades,,,,,,conteo,,,,,oferta publicada,dato observado,,reciente (2022 o después),Registro de oferta de la Capa 3 (notas publicadas),fuentes/capa3_registro_oferta.csv,,sí
E-305,oferta,Actividades presenciales,todas,7 distritos de Lima Este,2024-2026,143.0,actividades,,,,,,conteo,,,,,oferta publicada,dato observado,,reciente (2022 o después),Registro de oferta de la Capa 3 (notas publicadas),fuentes/capa3_registro_oferta.csv,,sí
E-306,oferta,Actividades para jóvenes: empleo,juventud,7 distritos de Lima Este,2024-2026,13.0,actividades,,,,,,conteo,,,,,oferta publicada,dato observado,,reciente (2022 o después),Registro de oferta de la Capa 3 (notas publicadas),fuentes/capa3_registro_oferta.csv,,sí
E-307,oferta,Actividades para jóvenes: participación y voluntariado,juventud,7 distritos de Lima Este,2024-2026,13.0,actividades,,,,,,conteo,,,,,oferta publicada,dato observado,,reciente (2022 o después),Registro de oferta de la Capa 3 (notas publicadas),fuentes/capa3_registro_oferta.csv,,sí
E-308,oferta,Actividades para jóvenes: preparación preuniversitaria,juventud,7 distritos de Lima Este,2024-2026,11.0,actividades,,,,,,conteo,,,,,oferta publicada,dato observado,,reciente (2022 o después),Registro de oferta de la Capa 3 (notas publicadas),fuentes/capa3_registro_oferta.csv,,sí
E-309,oferta,Actividades para jóvenes: deporte,juventud,7 distritos de Lima Este,2024-2026,3.0,actividades,,,,,,conteo,,,,,oferta publicada,dato observado,,reciente (2022 o después),Registro de oferta de la Capa 3 (notas publicadas),fuentes/capa3_registro_oferta.csv,,sí
E-310,oferta,Actividades para jóvenes: salud y salud mental,juventud,7 distritos de Lima Este,2024-2026,3.0,actividades,,,,,,conteo,,,,,oferta publicada,dato observado,,reciente (2022 o después),Registro de oferta de la Capa 3 (notas publicadas),fuentes/capa3_registro_oferta.csv,,sí
E-311,oferta,Actividades para jóvenes: emprendimiento,juventud,7 distritos de Lima Este,2024-2026,4.0,actividades,,,,,,conteo,,,,,oferta publicada,dato observado,,reciente (2022 o después),Registro de oferta de la Capa 3 (notas publicadas),fuentes/capa3_registro_oferta.csv,,sí
E-312,oferta,Actividades para jóvenes: tecnología,juventud,7 distritos de Lima Este,2024-2026,2.0,actividades,,,,,,conteo,,,,,oferta publicada,dato observado,,reciente (2022 o después),Registro de oferta de la Capa 3 (notas publicadas),fuentes/capa3_registro_oferta.csv,,sí
E-313,oferta,Actividades de deporte (todas las edades),todas,7 distritos de Lima Este,2024-2026,39.0,actividades,,,,,,conteo,,,,,oferta publicada,dato observado,,reciente (2022 o después),Registro de oferta de la Capa 3 (notas publicadas),fuentes/capa3_registro_oferta.csv,,sí
E-314,oferta,Actividades de arte y cultura (todas las edades),todas,7 distritos de Lima Este,2024-2026,46.0,actividades,,,,,,conteo,,,,,oferta publicada,dato observado,,reciente (2022 o después),Registro de oferta de la Capa 3 (notas publicadas),fuentes/capa3_registro_oferta.csv,,sí
E-315,oferta,Actividades para jóvenes: arte y cultura,juventud,7 distritos de Lima Este,2024-2026,9.0,actividades,,,,,,conteo,,,,,oferta publicada,dato observado,,reciente (2022 o después),Registro de oferta de la Capa 3 (notas publicadas),fuentes/capa3_registro_oferta.csv,,sí
E-320,visibilidad,Notas municipales en gob.pe con términos de juventud,—,Chaclacayo,2024-2026,6.0,notas,,,,,,conteo,,,,,cobertura de fuentes,dato observado,,reciente (2022 o después),gob.pe: notas de prensa municipales,data/raw/capa3/gobpe_listado.csv,,sí
E-321,visibilidad,Notas municipales en gob.pe con términos de juventud,—,San Juan de Lurigancho,2024-2024,1.0,notas,,,,,,conteo,,,,,cobertura de fuentes,dato observado,,reciente (2022 o después),gob.pe: notas de prensa municipales,data/raw/capa3/gobpe_listado.csv,,sí
