ficha,orden,paso,codigo,texto
F-01,1,Contexto o necesidad,brecha de acceso,"29,0 % de los jóvenes de 15–24 de Lima Este no estudia y su nivel máximo es secundaria completa. Entre ellos, 33,7 % menciona problemas económicos como motivo principal y 34,4 % que está trabajando."
F-01,2,Población a la que aplica,,"Jóvenes de 15–24 sin estudios en curso y con secundaria completa: ≈ 119–140 mil según la población 2026 de Dato Joven; 136–177 mil según la expansión de la encuesta. Con motivo económico: 9,8 % de los jóvenes de 15–24 (≈ 36–51 mil según la población 2026 de Dato Joven; 43–63 mil según la expansión de la encuesta)."
F-01,3,Interés o práctica observada,P0,"[P0] Ninguna fuente mide la intención de continuar estudios ni de prepararse. La respuesta 'terminó sus estudios o asiste a academia' (21,6 %; 38,8 % a los 16–19) mezcla a quienes ya se preparan con quienes dieron por terminados sus estudios. Salto inferencial: De 'no estudia y tiene secundaria completa' a 'quiere prepararse para postular'."
F-01,4,Alcance potencial,segmento identificable,"No estudia y su nivel máximo es secundaria completa: 29,0 % de 15-24 años (≈ 119–140 mil según la población 2026 de Dato Joven; 136–177 mil según la expansión de la encuesta). No estudia, secundaria completa y motivo principal: problemas económicos: 9,8 % de 15-24 años (≈ 36–51 mil según la población 2026 de Dato Joven; 43–63 mil según la expansión de la encuesta)."
F-01,5,Oferta territorial existente,,"Academias preuniversitarias municipales en Lurigancho-Chosica (gratuita), Ate y Santa Anita (pagadas); becas municipales de preparación en El Agustino y Santa Anita; becas integrales en SJL; ferias vocacionales en Lurigancho-Chosica y Santa Anita."
F-01,6,Evidencia de participación o convocatoria,C4,"C4 por C3-125: comparable en todas las dimensiones. Es demanda por esa oferta concreta, no interés general (C3-D9). [C3] 180 matriculados en la academia municipal gratuita (2024). [C3] 100 becarios de preparación preuniversitaria (2025). [C4] Más de 80 postulantes para 10 becas: demanda por esa beca concreta (C3-D9). [C2] 'Aulas completas' en la academia pagada (sin cifra). [C2] 300 asistentes a una feria vocacional (estudiantes y vecinos)."
F-01,7,Barreras,,"[directa] Dinero: 33,7 % de quienes no estudian con secundaria completa menciona problemas económicos; algunas academias municipales son pagadas. [directa] Trabajo y tiempo: 34,4 % está trabajando. La disponibilidad observada es mayor en la noche de los días de semana (37,5 %) y la tarde del domingo (47,6 %). [indirecta] Desplazamiento: 64,1 % de quienes estudian a los 20–24 lo hace en otro distrito (mide movilidad existente, no una barrera)."
F-01,8,Vacíos de información,,• Intención de continuar estudios y carrera de interés. • Cuántos ya asisten a una academia (la ENAHO no lo separa de 'terminó sus estudios'). • Capacidad de pago y distancia aceptable. • Resultados de las academias municipales: solo hay un dato (35 ingresantes en Ate).
F-01,9,Qué podemos afirmar,,"• Un segmento identificable de jóvenes de 15–24 no estudia y solo tiene secundaria completa (29,0 %; ≈ 119–140 mil según la población 2026 de Dato Joven; 136–177 mil según la expansión de la encuesta). • Para un tercio de ese segmento el motivo principal es económico (33,7 %). • Hay participación declarada con cifras en academias y becas municipales gratuitas de Lima Este y una beca concreta tuvo más postulantes que cupos."
F-01,10,Qué solo podemos plantear como hipótesis,,"• Que una preparación gratuita atraiga a jóvenes que hoy no se preparan, y no solo a quienes ya asisten a otra academia. • Que el apoyo para postular a becas convoque por sí mismo. • Que un horario nocturno o de domingo permita participar a quienes trabajan."
F-02,1,Contexto o necesidad,prevalencia,"La tasa de desempleo juvenil en Lima Este es 9,6 % (18,9 % a los 15–19); 5,8 % de todos los jóvenes busca trabajo."
F-02,2,Población a la que aplica,,"Sin trabajo y buscan o quieren trabajar: 11,4 % de los jóvenes (≈ 72–91 mil según la población 2026 de Dato Joven; 82–111 mil según la expansión de la encuesta); 13,4 % de las mujeres y 9,3 % de los hombres."
F-02,3,Interés o práctica observada,P1,"[P1] Buscar trabajo es una práctica observada en este segmento (lo define), pero ninguna fuente mide interés en talleres o acompañamiento. Salto inferencial: De buscar trabajo a asistir a una preparación o a un acompañamiento."
F-02,4,Alcance potencial,segmento identificable,"Sin trabajo y busca o quiere trabajar: 11,4 % de 15-29 años (≈ 72–91 mil según la población 2026 de Dato Joven; 82–111 mil según la expansión de la encuesta)."
F-02,5,Oferta territorial existente,,"Programas municipales de empleabilidad (Ate, SJL, Santa Anita), ferias y bolsas de empleo en cinco distritos, Agencia Local de Empleo y Centro de Empleo del MTPE en SJL."
F-02,6,Evidencia de participación o convocatoria,C4,"C4 por C3-084: comparable en parte; no plenamente en territorio, formato. Es demanda por esa oferta concreta, no interés general (C3-D9). [C3] 143 jóvenes con empleo (resultado declarado). [C3] 62 aprobados en un programa de empleabilidad. [C3] 50 jóvenes contratados tras capacitación dual. [C4] Talleres de SENAJU con más de 5 000 inscritos para casi mil cupos (Lima y nacional; incluyen arte). [no comparable] Ferias de empleo con 'cientos' o 'miles' de vecinos de todas las edades."
F-02,7,Barreras,,"[indirecta] Horario y seguridad: la disponibilidad se concentra en las noches (37,5 %), cuando 63,4 % se siente inseguro caminando por su barrio. [directa] Entre las mujeres que no estudian ni trabajan, la mayoría se dedica al hogar (62,4 %) y pocas buscan trabajo (19,6 %): un taller de búsqueda de empleo no responde a su situación."
F-02,8,Vacíos de información,,"• Qué apoyo buscan (preparación, contactos, información). • Si ya usan bolsas o centros de empleo. • Tasas de inserción de los programas existentes."
F-02,9,Qué podemos afirmar,,"• 11,4 % de los jóvenes de Lima Este no tiene trabajo y busca o quiere trabajar (≈ 72–91 mil según la población 2026 de Dato Joven; 82–111 mil según la expansión de la encuesta). • Los programas municipales de empleabilidad publican cifras pequeñas y declaradas; los talleres gratuitos de SENAJU tuvieron más inscritos que cupos a escala de Lima y el país."
F-02,10,Qué solo podemos plantear como hipótesis,,• Que quienes buscan trabajo acudan a una preparación además de las ferias y bolsas existentes. • Que la conexión con vacantes concretas aumente la asistencia.
F-03,1,Contexto o necesidad,prevalencia,"70,0 % de los jóvenes ocupados de Lima Este tiene empleo informal (2022–2023), equivalente a 37,6 % de todos los jóvenes."
F-03,2,Población a la que aplica,,Jóvenes con empleo informal: ≈ 246–290 mil según la población 2026 de Dato Joven; 251–351 mil según la expansión de la encuesta.
F-03,3,Interés o práctica observada,P0,[P0] Ninguna fuente mide interés en información sobre derechos laborales o formalización. Salto inferencial: De tener un empleo informal a querer información o apoyo para formalizarse.
F-03,4,Alcance potencial,segmento identificable,"Ocupado con empleo informal: 37,6 % de 15-29 años (≈ 246–290 mil según la población 2026 de Dato Joven; 251–351 mil según la expansión de la encuesta)."
F-03,5,Oferta territorial existente,,Un encuentro sobre formalización laboral en La Molina (UNALM) y un programa de inserción laboral en El Agustino.
F-03,6,Evidencia de participación o convocatoria,C2,C2 por C3-061: comparable en todas las dimensiones. [C2] Encuentro con asistentes sin número exacto.
F-03,7,Barreras,,"[directa] Tiempo: quienes trabajan dedican 42,0 horas a la semana; sus ventanas libres son la noche (37,5 %) y la tarde del domingo (47,6 %)."
F-03,8,Vacíos de información,,• Qué problemas laborales enfrentan (no se midió). • Informalidad de 2024–2025 (el INEI dejó de publicar la variable). • Si conocerían o usarían esa información.
F-03,9,Qué podemos afirmar,,"• La informalidad afecta a 70,0 % de los jóvenes ocupados de Lima Este (2022–2023)."
F-03,10,Qué solo podemos plantear como hipótesis,,"• Que jóvenes con empleo informal asistan a una actividad sobre derechos laborales o formalización. • Que un formato breve, de noche o en domingo, sea compatible con su jornada."
F-04,1,Contexto o necesidad,sin evidencia,Trabajar por cuenta propia no es por sí mismo una necesidad; no tenemos datos de ingresos ni de problemas de estos negocios.
F-04,2,Población a la que aplica,,"9,9 % de los jóvenes (≈ 62–79 mil según la población 2026 de Dato Joven; 71–97 mil según la expansión de la encuesta); 18,2 % de los ocupados."
F-04,3,Interés o práctica observada,P1,"[P1] Práctica observada: ya trabajan por cuenta propia (18,2 % de los ocupados); 3,9 % de los usuarios de internet lo usa para vender. La aspiración a emprender solo se midió en 2019–2020 fuera de Lima Este (45 %; 60 %). Salto inferencial: De trabajar por cuenta propia a querer capacitarse en gestión o ventas."
F-04,4,Alcance potencial,segmento identificable,"Trabaja como independiente o empleador: 9,9 % de 15-29 años (≈ 62–79 mil según la población 2026 de Dato Joven; 71–97 mil según la expansión de la encuesta)."
F-04,5,Oferta territorial existente,,"Ferias de jóvenes emprendedores (Santa Anita), CETPRO de La Molina, capacitación de Jóvenes Productivos, coworking municipal en SJL."
F-04,6,Evidencia de participación o convocatoria,C2,"C2 por C3-132: comparable en parte; no plenamente en formato. [C2] Ferias con 'muchos jóvenes emprendedores', sin cifra. [no comparable] 385 alumnos de 14 a 60 años."
F-04,7,Barreras,,"[indirecta] Tiempo: quienes trabajan dedican 42,0 horas a la semana."
F-04,8,Vacíos de información,,"• Tipo de negocio, ingresos y problemas. • Interés en capacitación o apoyo. • Aspiración reciente a emprender en Lima Este."
F-04,9,Qué podemos afirmar,,"• 9,9 % de los jóvenes de Lima Este trabaja por cuenta propia o como empleador (≈ 62–79 mil según la población 2026 de Dato Joven; 71–97 mil según la expansión de la encuesta)."
F-04,10,Qué solo podemos plantear como hipótesis,,• Que jóvenes con negocio propio quieran y puedan asistir a un apoyo para sus negocios.
F-05,1,Contexto o necesidad,sin evidencia,No hay datos de actividad física insuficiente ni de salud física juvenil en nuestras fuentes.
F-05,2,Población a la que aplica,,Jóvenes de 18–29 (la oferta deportiva publicada se dirige a 6–17); la práctica se mide para 15–29.
F-05,3,Interés o práctica observada,P1,"[P1] 27,6 % hizo deporte o ejercicio en la semana (2024); 22,2 % (referencial) a los 25–29. En Lima Metropolitana, 49,1 % de los hombres y 19,7 % de las mujeres. Salto inferencial: De hacer deporte o ejercicio, en cualquier forma, a inscribirse en una liga o entrenamiento organizado."
F-05,4,Alcance potencial,amplia,"Hizo deporte o ejercicio en la semana (diario): 27,6 % de 15-29 años (≈ 147–247 mil según la población 2026 de Dato Joven; 99–209 mil según la expansión de la encuesta)."
F-05,5,Oferta territorial existente,,Espacios deportivos nuevos o reabiertos; talleres y escuelas para 6–17; taller de tiro con arco para jóvenes (La Molina).
F-05,6,Evidencia de participación o convocatoria,C3,"C3 por C3-053: comparable en parte; no plenamente en costo. Cifra declarada por quien organiza, sin cupos publicados. [C3] Unos 30 alumnos por horario. [no comparable] Academia IPD (6–17): 19 000 cupos agotados. [no comparable] Carrera abierta: más de 1 000 participantes de todas las edades."
F-05,7,Barreras,,"[directa] Seguridad de noche: 63,4 % se siente inseguro caminando solo de noche (72,3 % de las mujeres) y 16,0 % de las mujeres evitó salir de noche. [directa] Horario: hay más jóvenes disponibles en la noche de semana (37,5 %) y la tarde del domingo (47,6 %) que en la mañana del sábado (13,4 % (referencial))."
F-05,8,Vacíos de información,,• Si practican en ligas informales. • Interés en un formato organizado. • Deporte por sexo en Lima Este.
F-05,9,Qué podemos afirmar,,"• Uno de cada cuatro jóvenes de Lima Este hizo deporte o ejercicio en la semana (27,6 %). • La oferta deportiva publicada se dirige sobre todo a 6–17 años; para 18–29 hay un solo dato de participación."
F-05,10,Qué solo podemos plantear como hipótesis,,• Que jóvenes de 18–29 que ya practican se inscriban en un formato organizado. • Que un horario diurno de domingo y espacios seguros permitan participar a más mujeres (su menor práctica en Lima Metropolitana no prueba demanda insatisfecha).
F-06,1,Contexto o necesidad,sin evidencia,"Es una práctica cultural, no una respuesta a una necesidad medida."
F-06,2,Población a la que aplica,,"15–29; los conciertos son sobre todo de 20–29 (27,8 %; 29,5 %) y poco de 15–19 (8,4 % (referencial))."
F-06,3,Interés o práctica observada,P2,"[P2] Festival local: 19,6 % fue a un festival local o tradicional en el año (más que en Lima Metropolitana, 15,0 %); 92,7 % entró gratis. [P1] Música en vivo: 21,4 % fue a un concierto (casi siempre con entrada comprada: 58,6 %); 18,3 % fue a danza y 20,8 % a una feria artesanal. Salto inferencial: De asistir a fiestas locales o conciertos pagados a asistir a un festival juvenil gratuito organizado por la organización."
F-06,4,Alcance potencial,amplia,"Fue a un festival local o tradicional en los últimos 12 meses: 19,6 % de 15-29 años (≈ 115–164 mil según la población 2026 de Dato Joven; 105–160 mil según la expansión de la encuesta). Fue a un concierto o festival musical en los últimos 12 meses: 21,4 % de 15-29 años (≈ 128–176 mil según la población 2026 de Dato Joven; 116–173 mil según la expansión de la encuesta)."
F-06,5,Oferta territorial existente,,"Eventos de cultura urbana y juvenil en Lurigancho-Chosica, Santa Anita y SJL; concurso de canto y baile en El Agustino; festival intercultural en SJL; Cajamarquilla Raymi."
F-06,6,Evidencia de participación o convocatoria,C2,C2 por C3-035: comparable en parte; no plenamente en formato. [C1] Cultura Urbana Fest: sin cifras de asistencia. [C2] Concurso con participantes sin número. [no comparable] Festival intercultural: 1 000 vecinos de todas las edades. [no comparable] 4 000 asistentes de todas las edades.
F-06,7,Barreras,,"[directa] Entre quienes no fueron a conciertos: dinero (21,2 %), falta de interés (40,8 %) y falta de tiempo (31,9 %). [directa] Entre quienes no fueron a festivales, la mayoría no tenía interés (54,5 %). [directa] Noche: la noche del sábado es una ventana libre (47,1 %), pero 63,4 % se siente inseguro y 12,8 % evitó salir de noche."
F-06,8,Vacíos de información,,• Géneros musicales preferidos. • Asistencia juvenil a eventos locales (no se publica). • Seguridad percibida en eventos nocturnos.
F-06,9,Qué podemos afirmar,,"• Uno de cada cinco jóvenes fue a un festival local en el año (19,6 %), casi siempre gratis (92,7 %). • Los conciertos son una práctica de 20–29 años más que de 15–19 y casi siempre pagada."
F-06,10,Qué solo podemos plantear como hipótesis,,"• Que un festival gratuito organizado para jóvenes convoque a jóvenes, y no solo a familias. • Que la cultura urbana (freestyle, breaking) tenga público en Lima Este (no se midió). • Que participar como artistas u organizadores aumente la convocatoria."
F-07,1,Contexto o necesidad,sin evidencia,"Es una práctica cultural, no una respuesta a una necesidad medida."
F-07,2,Población a la que aplica,,"15–29; más a los 15–19 (68,2 %) que a los 25–29 (57,3 %); mujeres 66,6 %, hombres 59,3 %."
F-07,3,Interés o práctica observada,P1,"[P1] 63,2 % fue al cine comercial en el año; 40,7 % tuvo la entrada pagada por otra persona; entre quienes no fueron, 18,8 % menciona el dinero. Salto inferencial: De ir al cine comercial a ir a una proyección gratuita organizada; ver películas no dice nada sobre conversar después ni sobre producir video."
F-07,4,Alcance potencial,amplia,"Fue al cine en los últimos 12 meses: 63,2 % de 15-29 años (≈ 422–478 mil según la población 2026 de Dato Joven; 371–484 mil según la expansión de la encuesta)."
F-07,5,Oferta territorial existente,,"'Cine en tu Barrio' (familias, El Agustino) y cine inclusivo (SJL)."
F-07,6,Evidencia de participación o convocatoria,C0,"[no comparable] Proyecciones para familias, sin cifras."
F-07,7,Barreras,,"[directa] Entre quienes no fueron al cine: falta de interés (42,4 %), de tiempo (31,6 %) y de dinero (18,8 %)."
F-07,8,Vacíos de información,,• Si una proyección gratuita reemplaza o no la salida al cine comercial. • Qué películas. • Convocatoria de proyecciones juveniles.
F-07,9,Qué podemos afirmar,,"• Ir al cine es la práctica cultural presencial más extendida (63,2 %). • Para algunos jóvenes el dinero es el motivo de no ir (18,8 %) y cuatro de cada diez asistentes no pagaron su entrada (40,7 %)."
F-07,10,Qué solo podemos plantear como hipótesis,,• Que una proyección gratuita convoque a jóvenes que hoy no van al cine por dinero. • Que haya interés en conversar después de la función (cineforo). • Que haya interés en producir video.
F-08,1,Contexto o necesidad,sin evidencia,"Es una práctica cultural, no una respuesta a una necesidad medida."
F-08,2,Población a la que aplica,,15–29.
F-08,3,Interés o práctica observada,P2,"[P2] 19,4 % fue a una feria del libro y 14,1 % a una biblioteca en el año (más que en Lima Metropolitana, 10,4 %). [P1] 54,8 % leyó libros digitales y 39,2 % impresos; en la semana, 12,9 % (referencial) leyó. Salto inferencial: De ir a una feria o biblioteca a participar en una actividad juvenil organizada allí (club, presentación, taller)."
F-08,4,Alcance potencial,amplia,"Fue a una feria del libro: 19,4 % de 15-29 años (≈ 115–162 mil según la población 2026 de Dato Joven; 104–159 mil según la expansión de la encuesta). Fue a una biblioteca o sala de lectura: 14,1 % de 15-29 años (≈ 78–124 mil según la población 2026 de Dato Joven; 71–120 mil según la expansión de la encuesta)."
F-08,5,Oferta territorial existente,,"Ferias del libro en Ate, La Molina, Lurigancho-Chosica y SJL (todo público); biblioteca municipal de La Molina (escolares); 'Ruta Lectora' en colegios de SJL."
F-08,6,Evidencia de participación o convocatoria,C2,"C2 por C3-107: comparable en parte; no plenamente en segmento, formato. [C1] Ferias del libro sin cifras de asistencia. [C2] 700 participantes escolares (público cautivo)."
F-08,7,Barreras,,"[directa] Información: 11,6 % de quienes no fueron a ferias del libro no tuvo información oportuna. La entrada suele ser libre (76,9 % en ferias; 96,0 % en bibliotecas)."
F-08,8,Vacíos de información,,• Interés en clubes de lectura o actividades en bibliotecas. • Asistencia juvenil a ferias del libro.
F-08,9,Qué podemos afirmar,,"• Uno de cada cinco jóvenes fue a una feria del libro (19,4 %) y uno de cada siete a una biblioteca (14,1 %); en bibliotecas, Lima Este supera a Lima Metropolitana."
F-08,10,Qué solo podemos plantear como hipótesis,,• Que jóvenes asistan a actividades juveniles en ferias o bibliotecas. • Que una mejor difusión aumente la asistencia (la falta de información es un motivo declarado).
F-09,1,Contexto o necesidad,sin evidencia,"Es una práctica cultural, no una respuesta a una necesidad medida."
F-09,2,Población a la que aplica,,15–29; la oferta publicada es sobre todo escolar.
F-09,3,Interés o práctica observada,P2,"[P2] 25,1 % visitó un monumento histórico en el año, 20,3 % un museo y 17,5 % un sitio arqueológico. Salto inferencial: De visitar un sitio por cuenta propia, con la familia o el colegio a participar en una ruta organizada."
F-09,4,Alcance potencial,amplia,"Visitó un monumento histórico: 25,1 % de 15-29 años (≈ 152–205 mil según la población 2026 de Dato Joven; 138–202 mil según la expansión de la encuesta)."
F-09,5,Oferta territorial existente,,"Juegos en sitios arqueológicos para escolares, Cajamarquilla Raymi (todo público), grupos de Defensores del Patrimonio."
F-09,6,Evidencia de participación o convocatoria,C2,C2 por C3-019: comparable en parte; no plenamente en segmento. [C2] 450 participantes de Lima y Callao en el encuentro anual. [C2] 1 269 participantes escolares. [no comparable] Taller para niños con más inscritos que cupos.
F-09,7,Barreras,,[sin datos] La encuesta no pregunta por barreras para visitar patrimonio.
F-09,8,Vacíos de información,,"• Si las visitas fueron con el colegio, la familia o por cuenta propia. • Interés en rutas guiadas. • Convocatoria juvenil."
F-09,9,Qué podemos afirmar,,"• Uno de cada cuatro jóvenes visitó un monumento histórico en el año (25,1 %)."
F-09,10,Qué solo podemos plantear como hipótesis,,• Que rutas de patrimonio organizadas convoquen a jóvenes de 18–29.
F-10,1,Contexto o necesidad,sin evidencia,"Es una práctica de ocio, no una respuesta a una necesidad medida."
F-10,2,Población a la que aplica,,"Hombres de 15–29; más frecuente a los 15–19 (47,0 %) que a los 25–29 (22,9 %)."
F-10,3,Interés o práctica observada,P1,"[P1] 52,8 % de los hombres jugó en línea y 60,9 % en el celular; entre las mujeres, 18,9 % y 33,6 %. Salto inferencial: De jugar en casa o en línea a asistir a un encuentro presencial."
F-10,4,Alcance potencial,segmento identificable,"Jugó videojuegos multijugador en línea: 52,8 % de hombres 15-29 años (≈ 155–195 mil según la población 2026 de Dato Joven; 135–197 mil según la expansión de la encuesta)."
F-10,5,Oferta territorial existente,,No se encontró ninguna actividad publicada de videojuegos (la ausencia de oferta no es demanda).
F-10,6,Evidencia de participación o convocatoria,C0,"No se encontró ninguna actividad comparable con datos (sin evidencia, no evidencia negativa)."
F-10,7,Barreras,,"[indirecta] Sin datos específicos; si es de noche, la inseguridad (63,4 %)."
F-10,8,Vacíos de información,,• Interés en un formato presencial. • Juegos y equipamiento. • Participación de mujeres.
F-10,9,Qué podemos afirmar,,"• La mitad de los hombres jóvenes de Lima Este juega videojuegos en línea (52,8 %)."
F-10,10,Qué solo podemos plantear como hipótesis,,"• Que jugadores habituales acudan a un evento presencial. • Que un formato diseñado para mujeres aumente su participación. • Que haya interés en componentes formativos (streaming, diseño)."
F-11,1,Contexto o necesidad,sin evidencia,"Que pocos jóvenes programen (14,5 %, Lima Metropolitana) no demuestra una necesidad."
F-11,2,Población a la que aplica,,Mayores de 18 (formato probado en SJL con jóvenes y adultos).
F-11,3,Interés o práctica observada,P0,"[P0] Ninguna fuente mide interés en tecnología. 32,7 % de los usuarios usa internet para aprender (práctica muy indirecta) y hay 18 organizaciones juveniles acreditadas de ciencia y tecnología (autoselección). Salto inferencial: De usar internet para aprender a participar en un reto tecnológico."
F-11,4,Alcance potencial,desconocido,Alcance potencial no estimable con la evidencia disponible.
F-11,5,Oferta territorial existente,,Hackathon municipal y coworking en SJL.
F-11,6,Evidencia de participación o convocatoria,C2,C2 por C3-100: comparable en parte; no plenamente en segmento. [C2] 400 inscripciones de mayores de 18 (jóvenes y adultos de varios distritos).
F-11,7,Barreras,,[sin datos] No hay datos de acceso a computadora en Lima Este.
F-11,8,Vacíos de información,,• Interés en tecnología. • Acceso a computadora. • Perfil de edad de los inscritos en la hackathon.
F-11,9,Qué podemos afirmar,,• Una hackathon municipal en SJL reunió 400 inscripciones de mayores de 18.
F-11,10,Qué solo podemos plantear como hipótesis,,• Que un reto colaborativo convoque a jóvenes de Lima Este (el único dato mezcla edades).
F-12,1,Contexto o necesidad,prevalencia · registro de atención,"En Lima Metropolitana, 21,6 % de las mujeres de 15–29 tuvo un episodio depresivo (2024), frente a 10,3 % (referencial) de los hombres; 31,5 % de las mujeres con pareja sufrió violencia de su pareja (2025; serie variable). En Lima Este, los CEM atendieron 3 093 casos de jóvenes en 2025; 94,0 % de las víctimas son mujeres."
F-12,2,Población a la que aplica,,Mujeres de 15–29.
F-12,3,Interés o práctica observada,P0,[P0] Ninguna fuente mide interés en espacios de bienestar. Salto inferencial: De la prevalencia de un problema a la asistencia voluntaria a un espacio sobre ese problema.
F-12,4,Alcance potencial,desconocido,Alcance potencial no estimable con la evidencia disponible.
F-12,5,Oferta territorial existente,,"Charlas en colegios, campaña de salud en SJL, taller de autoestima en El Agustino, programa para niñas y adolescentes en SJL."
F-12,6,Evidencia de participación o convocatoria,C2,"C2 por C3-087: comparable en parte; no plenamente en segmento, formato. [no comparable] Charlas escolares (público cautivo). [C2] Campaña de salud con 'decenas' de beneficiarios."
F-12,7,Barreras,,"[indirecta] Seguridad (72,3 % se siente insegura de noche) y cuidado (56,6 % de las mujeres jóvenes de Lima Metropolitana cuidó a alguien del hogar). El estigma no se midió."
F-12,8,Vacíos de información,,• Prevalencia en Lima Este. • Disposición a participar. • Estigma. • Servicios de salud mental comunitaria disponibles.
F-12,9,Qué podemos afirmar,,• La necesidad está documentada en Lima Metropolitana y en registros de atención de Lima Este; su magnitud en Lima Este no se conoce.
F-12,10,Qué solo podemos plantear como hipótesis,,• Que mujeres jóvenes asistan voluntariamente a un espacio de bienestar. • Que funcione mejor como componente de otra actividad y como ruta de derivación.
F-13,1,Contexto o necesidad,registro de atención,"En 2025 hubo 1 654 nacimientos de madres de 15–19 (en 2019, 3 439); la tasa de El Agustino (24,2 por cada 1 000) supera la mediana metropolitana (16,2). 40,9 % de las víctimas atendidas por los CEM tiene 15–19 años y 34,9 % de los casos es de violencia sexual. En Lima Metropolitana, 3,4 % (referencial) de las mujeres de 15–19 estuvo alguna vez embarazada."
F-13,2,Población a la que aplica,,Adolescentes de 15–19 que participen en cualquier actividad.
F-13,3,Interés o práctica observada,P0,[P0] No aplica: no es una actividad de convocatoria.
F-13,4,Alcance potencial,segmento identificable,Nacimientos de madres de 15-19 con residencia en Lima Este: 1 654 (2025).
F-13,5,Oferta territorial existente,,"Charlas en colegios (DEMUNA, DEVIDA)."
F-13,6,Evidencia de participación o convocatoria,no aplica,No aplica.
F-13,7,Barreras,,[directa] Requiere consentimiento de madres y padres para menores de 18.
F-13,8,Vacíos de información,,• Servicios de derivación disponibles por distrito.
F-13,9,Qué podemos afirmar,,• Las necesidades registradas se concentran en adolescentes; la maternidad adolescente registrada bajó a menos de la mitad desde 2019.
F-13,10,Qué solo podemos plantear como hipótesis,,No aplica.
F-14,1,Contexto o necesidad,objetivo institucional,"La participación en asociaciones es muy baja en Lima Metropolitana (0,7 % (referencial)) y SJL tiene 1,9 organizaciones acreditadas por 10 000 jóvenes (mediana metropolitana: 3,3). Es un objetivo de la organización, no una necesidad declarada por los jóvenes."
F-14,2,Población a la que aplica,,15–29; hoy llegan sobre todo estudiantes y mujeres.
F-14,3,Interés o práctica observada,P1,"[P1] 9,0 % (referencial) hizo voluntariado o ayudó a otros hogares en la semana (incluye ayuda a familiares). 1 727 personas de Lima Este se inscribieron en el Programa de Voluntariado (84,9 % mujeres; 65,4 % solo estudia): es autoselección. Salto inferencial: De ayudar a otros hogares o inscribirse en un programa a participar en jornadas de voluntariado."
F-14,4,Alcance potencial,desconocido,Alcance potencial no estimable con la evidencia disponible.
F-14,5,Oferta territorial existente,,"Minka Joven (Ate), Gran Cruzada Verde (Chosica), réplica de CADE Universitario (SJL), Defensores del Patrimonio, pasantías del IMP."
F-14,6,Evidencia de participación o convocatoria,C3,"C3 por C3-011: comparable en todas las dimensiones. Cifra declarada por quien organiza, sin cupos publicados. [C3] 20 voluntarios jóvenes. [C2] 300 voluntarios de edad no indicada. [C3] 22 pasantes jóvenes."
F-14,7,Barreras,,"[indirecta] Tiempo: 58,0 % trabajó o buscó trabajo en la semana y 10,3 % estudia y trabaja."
F-14,8,Vacíos de información,,• Disposición a participar de quienes trabajan. • Formatos preferidos.
F-14,9,Qué podemos afirmar,,• Hay participación declarada con cifras pequeñas en voluntariado juvenil en Lima Este.
F-14,10,Qué solo podemos plantear como hipótesis,,• Que un formato corto con resultado visible atraiga a jóvenes que trabajan y a hombres (no hay datos).
F-15,1,Contexto o necesidad,situación documentada,"14,0 % de las mujeres de 15–29 no estudia ni trabaja y se dedica al hogar; entre los hombres, 3,8 %. Es la situación principal de las mujeres que no estudian ni trabajan (62,4 %)."
F-15,2,Población a la que aplica,,"≈ 45–61 mil según la población 2026 de Dato Joven; 49–71 mil según la expansión de la encuesta. 46,8 % tiene 25–29 años; 53,3 % está en unión (frente a 13,1 % de las demás mujeres); 57,9 % vive con niños de 0 a 5 años (frente a 29,4 %); 37,8 % es jefa de hogar o pareja del jefe y 46,1 % es hija; 84,0 % tiene secundaria completa."
F-15,3,Interés o práctica observada,P0,"[P0] No sabemos qué actividades les interesan. 93,9 % usó internet el mes anterior, pero solo 16,6 % (referencial) lo usa para aprender (frente a 38,1 % de las demás mujeres); 20,8 % (referencial) quería trabajar."
F-15,4,Alcance potencial,segmento identificable,"No estudia ni trabaja y se dedica a los quehaceres del hogar: 14,0 % de mujeres 15-29 años (≈ 45–61 mil según la población 2026 de Dato Joven; 49–71 mil según la expansión de la encuesta)."
F-15,5,Oferta territorial existente,,No se encontró ninguna actividad publicada dirigida a este grupo.
F-15,6,Evidencia de participación o convocatoria,no aplica,No aplica.
F-15,7,Barreras,,"[directa] Cuidado: en Lima Metropolitana, las mujeres jóvenes que no trabajaron ni estudiaron en la semana dedicaron 61,9 horas al trabajo doméstico y de cuidado (muestra pequeña), frente a 17,4 horas de las que trabajaron o estudiaron. [directa] Seguridad: 72,3 % de las mujeres jóvenes se siente insegura de noche y 16,0 % evitó salir de noche."
F-15,8,Vacíos de información,,• Qué actividades les interesan. • En qué horarios podrían participar. • Si necesitan cuidado infantil durante una actividad. • Qué distancia pueden recorrer. • Si quieren estudiar o trabajar y qué se los impide. • Por qué canales se informan.
F-15,9,Qué podemos afirmar,,• Es un segmento identificable (≈ 45–61 mil según la población 2026 de Dato Joven; 49–71 mil según la expansión de la encuesta) que ni la oferta publicada ni la primera integración cubrían.
F-15,10,Qué solo podemos plantear como hipótesis,,No aplica.
