ficha,actividad_c3,nombre,distrito,publico,evidencia_c3,cifra_declarada,cifra_tipo,comparable_segmento,comparable_territorio,comparable_formato,comparable_costo,codigo,nota
F-01,C3-070,Academia Preuniversitaria Municipal CEPREMUNI,Lurigancho-Chosica,juventud,participación declarada,180.0,estudiantes matriculados,sí,sí,sí,sí,C3,180 matriculados en la academia municipal gratuita (2024).
F-01,C3-046,Muni Becas: becas de preparación preuniversitaria,El Agustino,juventud,participación declarada,100.0,becarios,sí,sí,parcial,sí,C3,100 becarios de preparación preuniversitaria (2025).
F-01,C3-125,Concursos de becas de CEPREMUNI (Santa Anita),Santa Anita,juventud,demanda observada,80.0,postulantes a becas,sí,sí,sí,sí,C4,Más de 80 postulantes para 10 becas: demanda por esa beca concreta (C3-D9).
F-01,C3-123,Academia Preuniversitaria Municipal CEPREMUNI (Santa Anita),Santa Anita,juventud,participación declarada,,alumnos (sin número),sí,sí,sí,no,C2,'Aulas completas' en la academia pagada (sin cifra).
F-01,C3-080,Feria de Orientación Vocacional,Lurigancho-Chosica,juventud,participación declarada,300.0,asistentes,parcial,sí,parcial,sí,C2,300 asistentes a una feria vocacional (estudiantes y vecinos).
F-02,C3-003,Programa municipal 'Mi Primera Chamba',Ate,juventud,participación declarada,143.0,jóvenes con empleo (resultado declarado),sí,sí,parcial,sí,C3,143 jóvenes con empleo (resultado declarado).
F-02,C3-090,"Programa 'Habilidades socioemocionales, empleabilidad y desarrollo personal' en el CEBA Antenor Orrego",San Juan de Lurigancho,juventud,participación declarada,62.0,aprobados con constancia,sí,sí,sí,sí,C3,62 aprobados en un programa de empleabilidad.
F-02,C3-094,Jóvenes Productivos: capacitación dual e inserción en empresas textiles de SJL,San Juan de Lurigancho,juventud,participación declarada,50.0,jóvenes contratados (resultado declarado),sí,sí,parcial,sí,C3,50 jóvenes contratados tras capacitación dual.
F-02,C3-084,"Talleres juveniles: arte, desarrollo y empleabilidad (verano 2024), sede presencial en SJL",San Juan de Lurigancho,juventud,demanda observada,5000.0,inscritos (todas las sedes),sí,parcial,parcial,sí,C4,Talleres de SENAJU con más de 5 000 inscritos para casi mil cupos (Lima y nacional; incluyen arte).
F-02,C3-102,"Ferias y bolsas de empleo (Feria del Empleo 2025, bolsa de trabajo en Mall Aventura, Gran Registratón Laboral 2026)",San Juan de Lurigancho,todo público,participación declarada,,asistentes (sin número exacto),no,sí,parcial,sí,no comparable,Ferias de empleo con 'cientos' o 'miles' de vecinos de todas las edades.
F-03,C3-061,I Encuentro de Jóvenes para la Formalización Laboral (UNALM),La Molina,juventud,participación declarada,,asistentes (sin número exacto),sí,sí,sí,sí,C2,Encuentro con asistentes sin número exacto.
F-04,C3-132,Ferias de jóvenes emprendedores (Wayna Fest 2024 y feria Joven Emprendedor 2025),Santa Anita,juventud,participación declarada,,participantes (sin número),sí,sí,parcial,sí,C2,"Ferias con 'muchos jóvenes emprendedores', sin cifra."
F-04,C3-064,CETPRO La Molina (Centro de Educación Técnico-Productiva municipal),La Molina,todo público,participación declarada,385.0,estudiantes matriculados,no,sí,parcial,no indica,no comparable,385 alumnos de 14 a 60 años.
F-05,C3-053,Taller de tiro con arco,La Molina,juventud,participación declarada,30.0,alumnos por horario,sí,sí,sí,no indica,C3,Unos 30 alumnos por horario.
F-05,C3-121,"Academia IPD (talleres deportivos gratuitos): sedes Canto Grande, Chacarilla de Otero y Mangomarca (SJL) y Complejo IPD Santa Anita",San Juan de Lurigancho; Santa Anita,adolescentes,demanda observada,19000.0,inscritos,no,parcial,sí,sí,no comparable,Academia IPD (6–17): 19 000 cupos agotados.
F-05,C3-081,Carrera 'Ruta del Sol 5K' en la zona arqueológica de Cajamarquilla,Lurigancho-Chosica,todo público,participación declarada,1000.0,participantes,no,sí,parcial,no indica,no comparable,Carrera abierta: más de 1 000 participantes de todas las edades.
F-06,C3-136,Cultura urbana: Cultura Urbana Fest 2024 y exhibición de breaking,Santa Anita,juventud,oferta,,,sí,sí,sí,no indica,C1,Cultura Urbana Fest: sin cifras de asistencia.
F-06,C3-035,"Concurso 'Demuestra tu talento' (canto y baile, Día de la Primavera)",El Agustino,juventud,participación declarada,,participantes (sin número),sí,sí,parcial,sí,C2,Concurso con participantes sin número.
F-06,C3-103,I Gran Festival Intercultural SJL 2025 (con concurso distrital de danza),San Juan de Lurigancho,todo público,participación declarada,1000.0,asistentes,no,sí,sí,sí,no comparable,Festival intercultural: 1 000 vecinos de todas las edades.
F-06,C3-076,"Encuentro del Inca con el Señor de Cajamarquilla / Cajamarquilla Raymi (2024, 2025 y 2026)",Lurigancho-Chosica,todo público,participación declarada,4000.0,asistentes,no,sí,parcial,no indica,no comparable,4 000 asistentes de todas las edades.
F-07,C3-024,'Cine en tu Barrio' y 'Muni en tu Barrio',El Agustino,todo público,oferta,,,no,sí,sí,sí,no comparable,"Proyecciones para familias, sin cifras."
F-08,C3-065,Ferias del Libro de La Molina (II 2024 y III 2025),La Molina,todo público,oferta,,,parcial,sí,sí,sí,C1,Ferias del libro sin cifras de asistencia.
F-08,C3-107,'Ruta Lectora' en colegios,San Juan de Lurigancho,adolescentes,participación declarada,700.0,participantes,parcial,sí,parcial,sí,C2,700 participantes escolares (público cautivo).
F-09,C3-119,Grupos de 'Defensores del Patrimonio Cultural' (voluntariado de estudiantes y jóvenes),San Juan de Lurigancho; La Molina; Lurigancho-Chosica; Santa Anita,juventud,participación declarada,450.0,participantes del encuentro anual (Lima y Callao),sí,parcial,parcial,sí,C2,450 participantes de Lima y Callao en el encuentro anual.
F-09,C3-019,"'Gana Cultura, juegos con identidad' en sitios arqueológicos",Ate; Lurigancho-Chosica; San Juan de Lurigancho,adolescentes,participación declarada,1269.0,participantes (todas las sedes),parcial,sí,sí,sí,C2,1 269 participantes escolares.
F-09,C3-078,Taller de verano arqueológico 'Aventureros de Cajamarquilla',Lurigancho-Chosica,no,demanda observada,60.0,inscritos,no,sí,parcial,sí,no comparable,Taller para niños con más inscritos que cupos.
F-11,C3-100,Hackathon municipal 'Conecta SJL 2025',San Juan de Lurigancho,juventud,participación declarada,400.0,inscritos,parcial,sí,sí,sí,C2,400 inscripciones de mayores de 18 (jóvenes y adultos de varios distritos).
F-12,C3-017,"'Habla Franco': charlas y ferias de prevención del consumo de drogas en colegios, universidades y espacios públicos",Ate; El Agustino; La Molina; Lurigancho-Chosica; San Juan de Lurigancho; Santa Anita,adolescentes,participación declarada,450.0,estudiantes alcanzados,no,sí,parcial,sí,no comparable,Charlas escolares (público cautivo).
F-12,C3-087,Campaña de Salud Integral para las Juventudes,San Juan de Lurigancho,juventud,participación declarada,,beneficiarios,parcial,sí,parcial,sí,C2,Campaña de salud con 'decenas' de beneficiarios.
F-14,C3-011,'Minka Joven': voluntariado para recuperar espacios públicos (primera intervención en Huaycán),Ate,juventud,participación declarada,20.0,voluntarios,sí,sí,sí,sí,C3,20 voluntarios jóvenes.
F-14,C3-072,Gran Cruzada Verde,Lurigancho-Chosica,no indica,participación declarada,300.0,voluntarios,parcial,sí,sí,sí,C2,300 voluntarios de edad no indicada.
F-14,C3-020,Primer Programa de Pasantías del IMP con propuestas urbanas para Lima Este,Ate; San Juan de Lurigancho,juventud,participación declarada,22.0,pasantes,sí,sí,parcial,sí,C3,22 pasantes jóvenes.
