id,capa,dimension,enunciado,tipo_evidencia,geografia,periodo,precision,no_permite,evidencias,actividades_c3,estado_v2,cambio_v2
H1-01,1,demografía,"Dato Joven proyecta 712 mil jóvenes de 15 a 29 años en los siete distritos en 2026: 226 mil de 15–19, 221 mil de 20–24 y 265 mil de 25–29. San Juan de Lurigancho tiene 311 mil y Ate 177 mil. Las encuestas del INEI estiman otro total para Lima Este (ENAHO: 848 mil (±81 mil); ENAPRES: 677 mil (±77 mil); ENUT: 558 mil (±158 mil)), porque sus factores no se calibran por distrito.",encuesta representativa; registro administrativo,Ate; Lima Este (expansión de la encuesta); Lima Este (suma de 7 distritos); San Juan de Lurigancho,2022-2025; 2024; 2026,no aplica,"Tendencias de población (series inestables, D5); una cifra única y exacta de jóvenes.",E-001; E-002; E-003; E-004; E-010; E-011; E-007; E-008; E-009,,ampliado,Se agregan las bases de población de las encuestas y se explica por qué difieren.
H1-02,1,organización juvenil,"Hay 182 organizaciones juveniles acreditadas (RENOJ, 2019–2026). San Juan de Lurigancho tiene 1,9 por 10 000 jóvenes, frente a una mediana metropolitana de 3,3. Por temática principal: 18 de ciencia y tecnología, 7 de democracia y derechos humanos, 20 de cultura y arte (temática agrupada) y 0 de deporte.",registro de autoselección (señal),Lima Este (suma de 7 distritos); Lima Metropolitana (mediana de 43 distritos); San Juan de Lurigancho,2019-2026; 2019-2026 (acumulado),conteo,Que haya poca organización juvenil real: solo se cuentan las acreditadas.,E-221; E-222; E-223; E-224; E-229; E-225; E-219,,corregido,La primera versión decía que ninguna era de participación y ciudadanía; la categoría 'Otros' ocultaba 7 de democracia y derechos humanos y 18 de ciencia y tecnología.
H1-03,1,voluntariado,"1 727 personas de los siete distritos están inscritas en el Programa de Voluntariado Juvenil: 84,9 % mujeres y 65,4 % solo estudia. Es un registro de autoselección.",registro de autoselección (señal),Lima Este (suma de 7 distritos),acumulado sin fecha,conteo,Intereses de la juventud en general.,E-226; E-227; E-228,,sin cambios,
H1-04,1,voluntariado,"Quienes llegan al voluntariado son sobre todo estudiantes: 65,4 % de los inscritos solo estudia, frente a 27,9 % de los jóvenes de Lima Este (ENAHO).",encuesta representativa; registro de autoselección (señal),Lima Este; Lima Este (suma de 7 distritos),2022-2025; acumulado sin fecha,confiable,Tasas de inscripción por situación (D18): es una comparación descriptiva.,E-228; E-041,,reemplazado,"Compara con Lima Este (antes, con Lima Metropolitana)."
H1-05,1,educación,"En Lima Este asiste a educación 62,4 % de los jóvenes de 15–19 y 10,8 % de los de 25–29. 29,0 % de los jóvenes de 15–24 no estudia y su nivel máximo es secundaria completa.",encuesta representativa,Lima Este,2022-2025,confiable,Intención de continuar estudios.,E-021; E-022; E-023,,reemplazado,Reemplaza indicadores de Lima Metropolitana por estimaciones de Lima Este.
H1-06,1,empleo,"En Lima Este (2022–2025), la tasa de desempleo juvenil es 9,6 % (18,9 % a los 15–19). 70,0 % de los jóvenes ocupados tiene empleo informal (2022–2023) y 18,2 % trabaja por cuenta propia o como empleador.",encuesta representativa,Lima Este,2022-2023; 2022-2025,confiable,"Informalidad de 2024–2025 (el INEI dejó de publicar la variable, D16).",E-046; E-047; E-056; E-058,,reemplazado,Reemplaza cifras de Lima Metropolitana por estimaciones de Lima Este.
H1-07,1,empleo,"Con la definición del proyecto, 17,6 % de los jóvenes de Lima Este no estudia ni trabaja: 22,4 % de las mujeres y 12,6 % de los hombres.",encuesta representativa,Lima Este,2022-2025,confiable,"Comparar con la cifra 'NINI' de Dato Joven (definición distinta, no equivalente).",E-043; E-044; E-045,,reemplazado,Estimación de Lima Este; antes solo había Lima Metropolitana.
H1-08,1,salud mental,"En Lima Metropolitana (2024), 21,6 % de las mujeres jóvenes y 10,3 % (referencial) de los hombres jóvenes tuvo un episodio depresivo en el último año.",encuesta representativa,Lima Metropolitana,2024,incluye valores referenciales,Prevalencia en Lima Este.,E-200; E-201,,corregido,El dato de hombres es referencial (antes figuraba como confiable).
H1-09,1,competencias digitales,"En Lima Metropolitana, 14,5 % de los jóvenes escribió un programa informático (2024).",encuesta representativa,Lima Metropolitana,2024,confiable,Que programar sea una necesidad de los jóvenes; brechas de Lima Este.,E-230,,corregido,Ya no se usa como evidencia de necesidad.
H1-10,1,seguridad,"En Lima Este (2022–2025), 63,4 % de los jóvenes se siente inseguro caminando solo de noche por su barrio: 72,3 % de las mujeres y 53,9 % de los hombres. En el último año, 12,8 % dejó o evitó salir de noche y 11,0 % llegar muy tarde a casa por temor a la delincuencia.",encuesta representativa,Lima Este,2022-2024; 2022-2025,confiable,Inseguridad por distrito; horarios concretos que evitan.,E-100; E-101; E-102; E-103; E-106,,reemplazado,"Estimación propia de Lima Este con la ENAPRES, validada con Dato Joven (antes, Lima Metropolitana)."
H1-11,1,violencia,"En Lima Metropolitana, 31,5 % de las mujeres jóvenes con pareja sufrió violencia de su esposo o compañero en el último año (2025).",encuesta representativa,Lima Metropolitana,2025,confiable,Prevalencia en Lima Este; tendencia (la serie varía mucho entre años).,E-202,,corregido,Se agrega la advertencia sobre la variabilidad de la serie.
H1-12,1,participación,"La participación de los jóvenes de Lima Metropolitana en asociaciones u organizaciones es muy baja (0,7 % (referencial), 2025).",encuesta representativa,Lima Metropolitana,2025,incluye valores referenciales,Participación en Lima Este.,E-220,,sin cambios,
H1-13,1,maternidad adolescente,"En 2025 se registraron 1 654 nacimientos de madres de 15–19 años con residencia en Lima Este, menos de la mitad que en 2019 (3 439). La tasa 2022–2025 (nacimientos por cada 1 000 mujeres de 15–19) supera la mediana metropolitana (16,2) en El Agustino (24,2), Santa Anita (18,9) y Ate (17,1). En Lima Metropolitana, 3,4 % (referencial) de las mujeres de 15–19 estuvo alguna vez embarazada.",encuesta representativa; registro administrativo,Ate; El Agustino; Lima Este (suma de 7 distritos); Lima Metropolitana; Lima Metropolitana (mediana de 43 distritos); Santa Anita,2019; 2022-2025; 2022-2025 (promedio anual; población 2026); 2024; 2025,incluye valores referenciales,Embarazos (solo se registran nacimientos).,E-207; E-208; E-210; E-209; E-213; E-214; E-211,,ampliado,Se agrega la magnitud poblacional.
H1-14,1,violencia,"Los CEM atendieron 3 093 casos de jóvenes con domicilio en Lima Este en 2025; entre las víctimas de 2022–2025, 94,0 % son mujeres, 40,9 % tiene 15–19 años y 34,9 % de los casos es de violencia sexual.",registro administrativo,Lima Este (suma de 7 distritos),2022-2025; 2025,conteo,Prevalencia de la violencia (los CEM registran atenciones).,E-203; E-204; E-205; E-206,,sin cambios,
H1-15,1,empleo,"Entre quienes no estudian ni trabajan, 20,3 % busca trabajo y 51,0 % se dedica a los quehaceres del hogar; entre las mujeres de ese grupo, 62,4 % se dedica al hogar y 19,6 % busca trabajo.",encuesta representativa,Lima Este,2022-2025,confiable,Si quieren estudiar o trabajar en el futuro.,E-052; E-053; E-054; E-055,,nuevo,Nuevo: composición del grupo que no estudia ni trabaja.
H1-16,1,hogar y cuidado,"14,0 % de las mujeres de 15–29 de Lima Este no estudia ni trabaja y se dedica al hogar (≈ 45–61 mil según la población 2026 de Dato Joven; 49–71 mil según la expansión de la encuesta); entre los hombres, 3,8 %. De ellas, 46,8 % tiene 25–29 años, 53,3 % está en unión (frente a 13,1 % de las demás mujeres), 57,9 % vive en un hogar con niños de 0 a 5 años (frente a 29,4 %), 84,0 % terminó la secundaria y 93,9 % usó internet, pero solo 16,6 % (referencial) lo usa para aprender (frente a 38,1 %). 20,8 % (referencial) quería trabajar.",encuesta representativa,Lima Este,2022-2025,incluye valores referenciales,"Sus intereses, su disponibilidad o qué actividad les sería útil.",E-070; E-071; E-078; E-074; E-075; E-076; E-077; E-079; E-081; E-082; E-083; E-080,,nuevo,Nuevo: caracterización de un segmento que la primera versión no cubría.
H1-17,1,educación,"29,0 % de los jóvenes de 15–24 (≈ 119–140 mil según la población 2026 de Dato Joven; 136–177 mil según la expansión de la encuesta) no estudia y su nivel máximo es secundaria completa. Entre ellos, 33,7 % menciona problemas económicos como motivo principal, 34,4 % que está trabajando y 21,6 % que 'terminó sus estudios o asiste a una academia' (categoría mixta).",encuesta representativa,Lima Este,2022-2025,confiable,Intención de continuar estudios; cuántos ya se preparan en una academia.,E-023; E-025; E-026; E-027,,nuevo,Nuevo: población compatible con la preparación preuniversitaria.
H1-18,1,empleo,"11,4 % de los jóvenes de Lima Este (≈ 72–91 mil según la población 2026 de Dato Joven; 82–111 mil según la expansión de la encuesta) no tiene trabajo y busca o quiere trabajar: 13,4 % de las mujeres y 9,3 % de los hombres. 5,8 % busca trabajo activamente.",encuesta representativa,Lima Este,2022-2025,confiable,Qué tipo de apoyo necesitan.,E-049; E-050; E-051; E-048,,nuevo,Nuevo.
H1-19,1,empleo,"10,3 % de los jóvenes estudia y trabaja, 37,6 % (≈ 246–290 mil según la población 2026 de Dato Joven; 251–351 mil según la expansión de la encuesta) tiene un empleo informal (2022–2023) y 9,9 % (≈ 62–79 mil según la población 2026 de Dato Joven; 71–97 mil según la expansión de la encuesta) trabaja por cuenta propia o como empleador.",encuesta representativa,Lima Este,2022-2023; 2022-2025,confiable,Ingresos o condiciones de trabajo.,E-040; E-057; E-059,,nuevo,Nuevo.
H1-20,1,desplazamiento,"64,1 % de quienes estudian a los 20–24 años lo hace en otro distrito; a los 15–19, 23,8 %.",encuesta representativa,Lima Este,2022-2025,confiable,Distancia o tiempo de viaje; desplazamiento de quienes no estudian.,E-030; E-031,,nuevo,Nuevo: único dato de desplazamiento disponible.
H2-01,2,uso del tiempo,"Casi todos los jóvenes de Lima Este usan computadora, tablet o celular cada semana (92,7 %) y ven películas o video por internet (92,8 %).",encuesta representativa,Lima Este,2022-2025; 2024,confiable,Interés en actividades grupales digitales.,E-167; E-166,,sin cambios,
H2-02,2,deporte,"27,6 % de los jóvenes de Lima Este hizo deporte o ejercicio en la semana (2024); la diferencia con Lima Metropolitana (34,8 %) no es distinguible. En Lima Metropolitana, 49,1 % de los hombres y 19,7 % de las mujeres.",encuesta representativa,Lima Este; Lima Metropolitana,2024,confiable,La brecha por sexo en Lima Este (muestra insuficiente); deporte organizado frente a informal.,E-170; E-174; E-171; E-172,,corregido,Ya no se describe como 'una de las prácticas más extendidas' ni se sugiere que Lima Este practique menos.
H2-03,2,uso del tiempo,"Aficiones, artes y juegos ocupan la semana de 19,4 % (referencial) de los jóvenes de Lima Este; asistir a eventos, de 13,8 % (referencial) (en Lima Metropolitana, 21,9 %).",encuesta representativa,Lima Este; Lima Metropolitana,2024,incluye valores referenciales,Qué aficiones concretas.,E-190; E-191; E-192,,sin cambios,
H2-04,2,uso del tiempo,"12,9 % (referencial) de los jóvenes de Lima Este leyó en la semana y 9,0 % (referencial) hizo voluntariado o ayudó a la comunidad u otros hogares.",encuesta representativa,Lima Este,2024,incluye valores referenciales,Voluntariado propiamente dicho: la categoría incluye ayudar a familiares o vecinos.,E-147; E-175,,corregido,Aclara que la categoría no es solo voluntariado.
H2-05,2,tiempo libre,"30,1 % de los jóvenes de Lima Este está poco o nada satisfecho con la cantidad de su tiempo libre y 36,0 % con el tiempo para sus pasatiempos.",encuesta representativa,Lima Este,2024,confiable,Que la insatisfacción sea mayor que en Lima Metropolitana con certeza.,E-177; E-176,,corregido,Cifras recalculadas desde los datos procesados.
H2-06,2,uso del tiempo,"La mitad de los jóvenes de Lima Este estudió en la semana (50,6 %) y 58,0 % trabajó o buscó trabajo; quienes trabajan dedican 42,0 horas a la semana.",encuesta representativa,Lima Este,2024,confiable,Horarios preferidos.,E-063; E-060; E-061,,sin cambios,
H2-07,2,cultura,"En 2022–2025, 63,2 % de los jóvenes de Lima Este fue al cine en el año; 44,6 % a algún espectáculo en vivo; 21,4 % a conciertos o festivales musicales; 19,6 % a festivales locales; 19,4 % a ferias del libro; 18,3 % a espectáculos de danza.",encuesta representativa,Lima Este,2022-2025,confiable,Preferencias por distrito; interés en actividades organizadas por terceros.,E-110; E-138; E-120; E-130; E-142; E-136,,sin cambios,
H2-08,2,cultura digital,"92,8 % de los jóvenes de Lima Este ve películas o video por internet y 90,3 % escucha música por internet. 34,7 % juega videojuegos en línea: 52,8 % de los hombres y 18,9 % de las mujeres.",encuesta representativa,Lima Este,2022-2025,confiable,Interés en actividades presenciales de videojuegos.,E-166; E-169; E-168; E-160; E-161,,ampliado,Se agrega el dato por sexo de Lima Este.
H2-09,2,barreras,"En Lima Este, entre quienes no fueron al cine, 42,4 % lo atribuye a falta de interés, 31,6 % a falta de tiempo y 18,8 % al dinero; entre quienes no fueron a conciertos, 21,2 % al dinero. La falta de información pesa en las ferias del libro (11,6 %).",encuesta representativa,Lima Este,2022-2025,confiable,"Barreras de actividades que la encuesta no pregunta (deporte, talleres).",E-115; E-116; E-114; E-125; E-144,,corregido,Usa barreras de Lima Este (antes decía que no había datos de Lima Este).
H2-10,2,barreras,"En Lima Este casi todos entraron gratis a festivales locales (92,7 %), bibliotecas (96,0 %) y ferias del libro (76,9 %); en cambio, 58,6 % de los asistentes a conciertos compró su entrada y, en el cine, 40,7 % tuvo la entrada pagada por otra persona.",encuesta representativa,Lima Este,2022-2025,confiable,Disposición a pagar.,E-132; E-148; E-143; E-124; E-113,,ampliado,Se agrega la dependencia de terceros para pagar el cine.
H2-11,2,aprendizaje,"32,7 % de los jóvenes usuarios de internet de Lima Este lo usa para educación o capacitación y 3,9 % para vender productos o servicios (2022–2025).",encuesta representativa,Lima Este,2022-2025,confiable,Una brecha estable de Lima Este frente a Lima Metropolitana.,E-032; E-231,,corregido,Se quita la cifra de un solo año mezclada con el periodo agrupado.
H2-12,2,educación,"Entre los jóvenes de 15–24 de Lima Este que no asisten a educación, el motivo principal es estar trabajando (31,3 %) o problemas económicos (28,0 %); 16,7 % 'terminó sus estudios o asiste a academia' y 12,8 % está de vacaciones. 'No le interesa' es poco mencionado (2,1 % (referencial)).",encuesta representativa,Lima Este,2022-2025,incluye valores referenciales,"Interés por estudiar: es un motivo de respuesta única, y la pregunta no se hace después de los 24 años.",E-033; E-034; E-037; E-036; E-035,,corregido,"Corrige la población (15–24, no 15–29) y deja de leer 'no le interesa' como interés."
H2-13,2,aspiraciones,"En 2020, 45 % de los adolescentes y jóvenes urbanos de 13–20 años decía que su trabajo ideal era tener su propio negocio; en 2019, 60 % de los de 18–20 sin negocio deseaba emprender.",estudio de mercado (orientativo),11 principales ciudades del Perú urbano; Perú urbano,23/05/2019–16/06/2019; 27/02/2020–15/03/2020 (antes de la cuarentena),sin error publicado,Aspiraciones actuales de los jóvenes de Lima Este.,E-240; E-241,,sin cambios,
H2-14,2,aspiraciones,"Entre quienes trabajaban en 2020 (13–20 años, Perú urbano), 23 % lo hacía en algo relacionado con su carrera.",estudio de mercado (orientativo),11 principales ciudades del Perú urbano,27/02/2020–15/03/2020 (antes de la cuarentena),sin error publicado,Desajuste actual en Lima Este.,E-243,,sin cambios,
H2-15,2,diversión,"En 2019, 44 % de los adolescentes y jóvenes urbanos se divertía fuera de casa saliendo a comer; en 2021–2022, 55 % de la generación Z (18–25) tenía cuenta en TikTok.",estudio de mercado (orientativo),Perú urbano; Perú urbano (según la infografía),23/05/2019–16/06/2019; Estudios multiclientes 2021–2022,sin error publicado,Preferencias actuales de los jóvenes de Lima Este.,E-244; E-242,,sin cambios,
H2-16,2,cultura,"Las prácticas culturales cambian con la edad en Lima Este: fue a conciertos 8,4 % (referencial) de los de 15–19, 27,8 % de los de 20–24 y 29,5 % de los de 25–29; a festivales locales, 14,8 % (referencial) de los de 15–19 y 23,5 % de los de 25–29. Frente a Lima Metropolitana, Lima Este va menos a conciertos (21,4 % frente a 26,8 %) y más a festivales locales (19,6 % frente a 15,0 %) y bibliotecas (14,1 % frente a 10,4 %).",encuesta representativa,Lima Este; Lima Metropolitana,2022-2025,incluye valores referenciales,Diferencias por distrito.,E-121; E-122; E-123; E-134; E-135; E-120; E-128; E-130; E-131; E-140; E-141,,nuevo,Nuevo.
H2-17,2,cultura digital,"Los videojuegos en línea son más frecuentes entre los más jóvenes: 47,0 % a los 15–19 y 22,9 % a los 25–29.",encuesta representativa,Lima Este,2022-2025,confiable,Interés en formatos presenciales.,E-164; E-165,,nuevo,Nuevo.
H2-18,2,tiempo disponible,"En un día registrado de 2024, tuvo al menos 2 horas seguidas sin obligaciones: 37,5 % de los jóvenes de Lima Este entre 18:00 y 22:00 de un día de semana, 47,1 % el sábado entre 18:00 y 22:00, 47,6 % el domingo entre 14:00 y 18:00, 31,0 % el sábado entre 14:00 y 18:00 y 30,3 % el domingo entre 09:00 y 13:00; muchos menos el sábado entre 09:00 y 13:00 (13,4 % (referencial)) y entre 14:00 y 18:00 de un día de semana (11,8 % (referencial)). En Lima Metropolitana, las mujeres tienen menos noches libres en la semana que los hombres (33,5 % frente a 47,9 %).",encuesta representativa,Lima Este; Lima Metropolitana,2024,incluye valores referenciales,Preferencias de horario; tiempo de traslado.,E-180; E-183; E-184; E-182; E-186; E-185; E-181; E-187; E-188,,nuevo,Nuevo.
H2-19,2,hogar y cuidado,"48,9 % de los jóvenes de Lima Este cuidó a otras personas del hogar en la semana. En Lima Metropolitana, 56,6 % de las mujeres y 36,3 % de los hombres; las mujeres jóvenes que no trabajaron ni estudiaron en la semana dedicaron 61,9 horas al trabajo doméstico y de cuidado (muestra pequeña), frente a 17,4 horas de las que trabajaron o estudiaron.",encuesta representativa,Lima Este; Lima Metropolitana,2024,confiable,Cuidado por sexo en Lima Este.,E-088; E-089; E-090; E-086; E-087,,nuevo,Nuevo.
H2-20,2,cultura,"54,8 % de los jóvenes de Lima Este leyó libros digitales y 39,2 % libros impresos en el año; 14,1 % fue a una biblioteca y 19,4 % a una feria del libro.",encuesta representativa,Lima Este,2022-2025,confiable,Interés en actividades de lectura organizadas.,E-145; E-146; E-140; E-142,,nuevo,Nuevo.
H2-21,2,cultura,"25,1 % de los jóvenes de Lima Este visitó un monumento histórico en el año, 20,3 % un museo y 17,5 % un sitio arqueológico.",encuesta representativa,Lima Este,2022-2025,confiable,"Si fueron con su colegio, familia o por cuenta propia.",E-150; E-151; E-152,,nuevo,Nuevo.
H3-01,3,oferta,"De 151 actividades publicadas en 2024–2026, 44 se dirigen a jóvenes, 53 a niños y adolescentes (casi siempre de 6 a 17 años) y 51 a todo público.",oferta publicada,7 distritos de Lima Este,2024-2026,conteo,Que la oferta real sea escasa; ni que haya demanda por lo que falta.,E-300; E-301; E-302; E-303,,sin cambios,
H3-02,3,oferta,"Lo dirigido a jóvenes se concentra en empleo (13), participación y voluntariado (13) y preparación preuniversitaria (11); hay poco en arte y cultura (9), deporte (3), salud (3), emprendimiento (4) y tecnología (2).",oferta publicada,7 distritos de Lima Este,2024-2026,conteo,Interés de los jóvenes por esos temas (la frecuencia de oferta no es interés).,E-306; E-307; E-308; E-315; E-309; E-310; E-311; E-312,,sin cambios,
H3-03,3,oferta,"Deporte (39) y arte y cultura (46) son los temas más ofrecidos, sobre todo para niños y adolescentes o todo público; hay espacios deportivos nuevos o reabiertos.",oferta publicada,7 distritos de Lima Este,2024-2026,conteo,Uso real de los espacios.,E-313; E-314,C3-009; C3-051; C3-054; C3-114; C3-120,sin cambios,
H3-04,3,oferta,"La oferta publicada es casi toda gratuita (99 de 151) y presencial (143). Lo pagado son talleres de verano, escuelas deportivas y academias preuniversitarias.",oferta publicada,7 distritos de Lima Este,2024-2026,conteo,Disposición a pagar.,E-304; E-300; E-305,C3-006; C3-114; C3-123,sin cambios,
H3-05,3,convocatoria,"Preparación preuniversitaria con participación declarada: 180 matriculados en la academia municipal gratuita de Lurigancho-Chosica, 100 becarios de Muni Becas (El Agustino), 17 becas Beca2 (SJL), 300 asistentes a una feria vocacional (estudiantes y vecinos) y 35 ingresantes de la academia pagada de Ate (resultado, no convocatoria).",oferta y convocatoria publicadas (Capa 3),7 distritos (lo publicado),2024-2026,cifras declaradas por quien organiza,Comparar entre distritos ni con la población.,,C3-006; C3-046; C3-070; C3-080; C3-096; C3-099; C3-123; C3-141,sin cambios,
H3-06,3,convocatoria,"En el concurso de becas de la academia municipal de Santa Anita (2024), más de 80 jóvenes compitieron por 10 becas. Es demanda por esa beca gratuita específica.",oferta y convocatoria publicadas (Capa 3),7 distritos (lo publicado),2024-2026,cifras declaradas por quien organiza,Interés general por la formación (C3-D9).,,C3-125,sin cambios,
H3-07,3,convocatoria,"Empleabilidad juvenil con resultados declarados pequeños: 143 jóvenes con empleo por 'Mi Primera Chamba' (Ate), 62 aprobados en un programa del CEBA de SJL, 50 contratados tras capacitación dual (SJL).",oferta y convocatoria publicadas (Capa 3),7 distritos (lo publicado),2024-2026,cifras declaradas por quien organiza,Tasa de inserción ni comparación entre programas.,,C3-003; C3-090; C3-094; C3-105,sin cambios,
H3-08,3,convocatoria,"Los talleres juveniles gratuitos de SENAJU (arte, desarrollo y empleabilidad; 15–29) tuvieron más de 5 000 inscritos en 2024 para una meta de casi mil, en cinco sedes de Lima (una en SJL) y talleres virtuales nacionales.",oferta y convocatoria publicadas (Capa 3),7 distritos (lo publicado),2024-2026,cifras declaradas por quien organiza,Demanda en Lima Este por separado.,,C3-084,sin cambios,
H3-09,3,convocatoria,Ferias y bolsas de empleo en cinco distritos ofrecen cientos o miles de vacantes; la asistencia se describe como 'cientos' o 'miles' de vecinos de todas las edades.,oferta y convocatoria publicadas (Capa 3),7 distritos (lo publicado),2024-2026,cifras declaradas por quien organiza,Cuántos jóvenes asisten.,,C3-044; C3-083; C3-093; C3-102; C3-135,sin cambios,
H3-10,3,convocatoria,"Una hackathon municipal en SJL (2025, mayores de 18) reunió 400 inscripciones de jóvenes, líderes vecinales, profesionales y emprendedores de varios distritos.",oferta y convocatoria publicadas (Capa 3),7 distritos (lo publicado),2024-2026,cifras declaradas por quien organiza,Generalizar a otras actividades tecnológicas; separar a los jóvenes.,,C3-100,sin cambios,
H3-11,3,convocatoria,"Las cifras de participación más altas son de actividades para niños y adolescentes: 6 304 participantes en talleres deportivos de La Molina (2024) y la Academia IPD (6–17), que agotó 19 000 cupos en Lima Metropolitana.",oferta y convocatoria publicadas (Capa 3),7 distritos (lo publicado),2024-2026,cifras declaradas por quien organiza,Generalizar a la juventud (decisión del equipo).,,C3-051; C3-079; C3-121; C3-137,sin cambios,
H3-13,3,oferta,"Existe oferta de cultura urbana y juvenil (Urban Fest, Festi Rock, Cultura Urbana Fest, FestiJoven, talleres de BMX), pero ninguna nota informa cuántos jóvenes asistieron. Un festival intercultural en SJL reunió 1 000 vecinos de todas las edades.",oferta y convocatoria publicadas (Capa 3),7 distritos (lo publicado),2024-2026,cifras declaradas por quien organiza,Capacidad de convocatoria juvenil de estos eventos.,,C3-035; C3-073; C3-091; C3-098; C3-103; C3-127; C3-136,sin cambios,
H3-14,3,oferta,"La oferta de salud mental y prevención llega sobre todo por colegios (charlas con hasta 450 estudiantes por colegio); para jóvenes hay una campaña de salud en SJL y un taller de autoestima, sin cifras.",oferta y convocatoria publicadas (Capa 3),7 distritos (lo publicado),2024-2026,cifras declaradas por quien organiza,Convocatoria voluntaria (las charlas escolares son de público cautivo).,,C3-017; C3-027; C3-037; C3-087; C3-113,sin cambios,
H3-15,3,oferta,No se encontró ninguna actividad publicada de videojuegos ni de creación audiovisual para jóvenes; el cine aparece como 'Cine en tu Barrio' para familias y cine inclusivo.,oferta y convocatoria publicadas (Capa 3),7 distritos (lo publicado),2024-2026,cifras declaradas por quien organiza,Que haya demanda (la ausencia de oferta no es demanda).,,C3-024; C3-097,sin cambios,
H3-16,3,convocatoria,"En voluntariado y participación, las cifras son pequeñas o sin desglose por edad: 20 jóvenes en Minka Joven (Ate), 300 voluntarios de edad no indicada (Chosica), 450 participantes de Lima y Callao en Defensores del Patrimonio.",oferta y convocatoria publicadas (Capa 3),7 distritos (lo publicado),2024-2026,cifras declaradas por quien organiza,Interés por el voluntariado en general.,,C3-011; C3-072; C3-108; C3-119,sin cambios,
H3-17,3,oferta,"Hay espacios que podrían acoger actividades: Casa de la Juventud (Santa Anita), complejos del IPD, clubes metropolitanos, Agencia Local de Empleo y coworking de SJL, CETPRO de La Molina.",oferta y convocatoria publicadas (Capa 3),7 distritos (lo publicado),2024-2026,cifras declaradas por quien organiza,Disponibilidad real ni condiciones de uso.,,C3-009; C3-064; C3-075; C3-093; C3-111; C3-114; C3-120; C3-124; C3-145,sin cambios,
H3-18,3,visibilidad,La visibilidad de la oferta es muy desigual: Chaclacayo publicó 6 notas en 2024–2026 y SJL 1 nota en 2024; la oferta de organizaciones sociales casi no aparece.,cobertura de fuentes,Chaclacayo; San Juan de Lurigancho,2024-2024; 2024-2026,conteo,Comparar la oferta real entre distritos.,E-320; E-321,,sin cambios,
H3-19,3,convocatoria,En emprendimiento juvenil las cifras son vagas o no son de jóvenes: ferias de jóvenes emprendedores sin cifras (Santa Anita) y 385 alumnos de 14 a 60 años en el CETPRO de La Molina.,oferta y convocatoria publicadas (Capa 3),7 distritos (lo publicado),2024-2026,cifras declaradas por quien organiza,Convocatoria de jóvenes a emprendimiento.,,C3-064; C3-132,sin cambios,
H3-20,3,convocatoria,Deporte dirigido a jóvenes con cifras: solo el taller de tiro con arco de La Molina (30 alumnos por horario). Una carrera abierta a todas las edades reunió más de 1 000 participantes.,oferta y convocatoria publicadas (Capa 3),7 distritos (lo publicado),2024-2026,cifras declaradas por quien organiza,Convocatoria de jóvenes de 18–29 a deporte organizado.,,C3-053; C3-081; C3-133,sin cambios,
H3-21,3,oferta,"Hay ferias del libro en Ate, La Molina, Lurigancho-Chosica y SJL (todo público, sin cifras de asistencia) y actividades de lectura en colegios (700 participantes en SJL).",oferta y convocatoria publicadas (Capa 3),7 distritos (lo publicado),2024-2026,cifras declaradas por quien organiza,Asistencia juvenil a ferias del libro.,,C3-013; C3-055; C3-065; C3-082; C3-104; C3-107,nuevo,Nuevo.
H3-22,3,oferta,La oferta de patrimonio es sobre todo escolar o para todo público: 1 269 participantes en juegos en sitios arqueológicos (adolescentes) y 4 000 asistentes a Cajamarquilla Raymi (todas las edades).,oferta y convocatoria publicadas (Capa 3),7 distritos (lo publicado),2024-2026,cifras declaradas por quien organiza,Convocatoria de jóvenes de 18–29.,,C3-019; C3-076; C3-119,nuevo,Nuevo.
