id,sexo,edad,poblacion,ya,ya_ee,frenados,frenados_ee,tiempo_libre,bloque,medido,demanda,conv_ya,conv_frenados,convocables
A-01,mujer,15-19,116283,8.619,1.811,38.657,4.477,51.322,"Domingo, 14:00-18:00",True,47.276,5144.004,23069.888,28213.893
A-01,mujer,20-24,116817,28.679,3.751,16.758,3.394,42.542,"Domingo, 14:00-18:00",True,45.438,14252.604,8328.352,22580.956
A-01,mujer,25-29,147841,30.437,3.409,21.139,3.302,37.121,"Domingo, 14:00-18:00",True,51.576,16704.249,11601.139,28305.388
A-01,hombre,15-19,109974,8.049,1.691,19.164,2.219,60.612,"Domingo, 14:00-18:00",True,27.213,5365.282,12774.004,18139.286
A-01,hombre,20-24,104041,26.781,3.502,8.308,1.683,50.243,"Domingo, 14:00-18:00",True,35.089,13999.423,4342.755,18342.178
A-01,hombre,25-29,117323,28.423,3.183,10.479,1.637,43.841,"Domingo, 14:00-18:00",True,38.902,14619.505,5390.098,20009.603
A-02,mujer,15-19,116283,35.963,1.683,4.282,1.057,51.322,"Domingo, 14:00-18:00",True,40.245,21462.522,2555.496,24018.018
A-02,mujer,20-24,116817,33.51,1.898,3.179,1.066,42.542,"Domingo, 14:00-18:00",True,36.689,16653.226,1579.755,18232.981
A-02,mujer,25-29,147841,30.207,1.841,8.028,1.406,37.121,"Domingo, 14:00-18:00",True,38.235,16577.743,4405.962,20983.704
A-02,hombre,15-19,109974,32.012,1.498,1.928,0.476,60.612,"Domingo, 14:00-18:00",True,33.94,21338.33,1285.174,22623.504
A-02,hombre,20-24,104041,29.828,1.689,1.431,0.48,50.243,"Domingo, 14:00-18:00",True,31.259,15592.032,748.171,16340.203
A-02,hombre,25-29,117323,26.888,1.638,3.615,0.633,43.841,"Domingo, 14:00-18:00",True,30.503,13829.916,1859.267,15689.183
A-03,mujer,15-19,116283,15.708,2.62,13.392,2.741,51.322,"Domingo, 14:00-18:00",True,29.1,9374.609,7991.942,17366.551
A-03,mujer,20-24,116817,22.251,3.283,12.617,3.174,42.542,"Domingo, 14:00-18:00",True,34.868,11057.803,6270.391,17328.194
A-03,mujer,25-29,147841,25.02,3.388,10.65,2.439,37.121,"Domingo, 14:00-18:00",True,35.671,13731.223,5844.966,19576.189
A-03,hombre,15-19,109974,13.715,2.287,9.821,2.01,60.612,"Domingo, 14:00-18:00",True,23.536,9142.388,6546.211,15688.599
A-03,hombre,20-24,104041,19.428,2.866,9.253,2.327,50.243,"Domingo, 14:00-18:00",True,28.681,10155.47,4836.787,14992.257
A-03,hombre,25-29,117323,21.846,2.958,7.81,1.788,43.841,"Domingo, 14:00-18:00",True,29.656,11236.478,4017.299,15253.777
A-04,mujer,15-19,116283,7.055,1.296,9.206,1.651,51.322,"Domingo, 14:00-18:00",True,16.261,4210.124,5494.073,9704.197
A-04,mujer,20-24,116817,11.218,1.66,6.458,1.357,42.542,"Domingo, 14:00-18:00",True,17.676,5574.81,3209.441,8784.251
A-04,mujer,25-29,147841,10.215,1.437,6.733,1.341,37.121,"Domingo, 14:00-18:00",True,16.948,5606.039,3695.202,9301.241
A-04,hombre,15-19,109974,6.642,1.22,5.845,1.048,60.612,"Domingo, 14:00-18:00",True,12.488,4427.678,3896.311,8323.988
A-04,hombre,20-24,104041,10.562,1.563,4.1,0.862,50.243,"Domingo, 14:00-18:00",True,14.663,5521.231,2143.449,7664.68
A-04,hombre,25-29,117323,9.618,1.353,4.275,0.851,43.841,"Domingo, 14:00-18:00",True,13.893,4947.112,2198.932,7146.044
A-05,mujer,15-19,116283,5.466,1.182,10.06,1.691,51.322,"Domingo, 14:00-18:00",True,15.526,3262.041,6003.709,9265.75
A-05,mujer,20-24,116817,6.781,1.522,4.788,1.161,42.542,"Domingo, 14:00-18:00",True,11.569,3369.771,2379.557,5749.328
A-05,mujer,25-29,147841,5.527,1.117,7.669,1.339,37.121,"Domingo, 14:00-18:00",True,13.195,3033.045,4208.578,7241.623
A-05,hombre,15-19,109974,4.665,1.008,7.803,1.312,60.612,"Domingo, 14:00-18:00",True,12.468,3109.438,5201.289,8310.727
A-05,hombre,20-24,104041,5.787,1.299,3.714,0.901,50.243,"Domingo, 14:00-18:00",True,9.501,3024.946,1941.387,4966.332
A-05,hombre,25-29,117323,4.717,0.953,5.948,1.039,43.841,"Domingo, 14:00-18:00",True,10.665,2425.972,3059.435,5485.407
A-06,mujer,15-19,116283,5.816,1.264,10.269,1.583,51.322,"Domingo, 14:00-18:00",True,16.085,3470.945,6128.357,9599.302
A-06,mujer,20-24,116817,6.036,1.32,4.75,1.115,42.542,"Domingo, 14:00-18:00",True,10.786,2999.441,2360.792,5360.233
A-06,mujer,25-29,147841,6.7,1.431,8.105,1.389,37.121,"Domingo, 14:00-18:00",True,14.805,3676.886,4448.117,8125.003
A-06,hombre,15-19,109974,4.052,0.881,8.812,1.358,60.612,"Domingo, 14:00-18:00",True,12.864,2701.293,5873.722,8575.015
A-06,hombre,20-24,104041,4.205,0.92,4.076,0.957,50.243,"Domingo, 14:00-18:00",True,8.282,2198.311,2130.844,4329.155
A-06,hombre,25-29,117323,4.668,0.997,6.955,1.192,43.841,"Domingo, 14:00-18:00",True,11.623,2401.146,3577.338,5978.484
A-07,mujer,15-19,116283,4.381,1.172,9.251,1.541,51.322,"Domingo, 14:00-18:00",True,13.632,2614.232,5521.121,8135.353
A-07,mujer,20-24,116817,5.874,1.292,5.759,1.297,42.542,"Domingo, 14:00-18:00",True,11.633,2919.276,2861.86,5781.136
A-07,mujer,25-29,147841,4.555,1.078,9.145,1.541,37.121,"Domingo, 14:00-18:00",True,13.7,2499.842,5018.982,7518.824
A-07,hombre,15-19,109974,3.246,0.869,5.515,0.919,60.612,"Domingo, 14:00-18:00",True,8.761,2163.501,3676.356,5839.857
A-07,hombre,20-24,104041,4.352,0.958,3.433,0.773,50.243,"Domingo, 14:00-18:00",True,7.786,2275.165,1794.582,4069.748
A-07,hombre,25-29,117323,3.375,0.799,5.452,0.919,43.841,"Domingo, 14:00-18:00",True,8.827,1735.962,2804.274,4540.235
A-08,mujer,15-19,116283,7.585,1.44,9.919,1.629,51.322,"Domingo, 14:00-18:00",True,17.504,4526.473,5919.759,10446.231
A-08,mujer,20-24,116817,14.275,2.059,6.812,1.432,42.542,"Domingo, 14:00-18:00",True,21.087,7094.196,3385.237,10479.433
A-08,mujer,25-29,147841,14.533,1.867,9.174,1.481,37.121,"Domingo, 14:00-18:00",True,23.707,7975.824,5034.563,13010.387
A-08,hombre,15-19,109974,5.437,1.033,6.844,1.124,60.612,"Domingo, 14:00-18:00",True,12.282,3624.453,4562.189,8186.642
A-08,hombre,20-24,104041,10.234,1.476,4.7,0.988,50.243,"Domingo, 14:00-18:00",True,14.934,5349.466,2456.875,7806.341
A-08,hombre,25-29,117323,10.419,1.338,6.33,1.022,43.841,"Domingo, 14:00-18:00",True,16.748,5358.863,3255.709,8614.571
A-09,mujer,15-19,116283,18.618,2.599,16.5,2.924,51.322,"Domingo, 14:00-18:00",True,35.119,11111.264,9847.108,20958.372
A-09,mujer,20-24,116817,19.529,3.208,12.243,2.817,42.542,"Domingo, 14:00-18:00",True,31.771,9705.179,6084.105,15789.284
A-09,mujer,25-29,147841,20.161,2.845,12.3,2.591,37.121,"Domingo, 14:00-18:00",True,32.46,11064.224,6750.07,17814.295
A-09,hombre,15-19,109974,18.641,2.602,13.377,2.37,60.612,"Domingo, 14:00-18:00",True,32.017,12425.307,8916.641,21341.948
A-09,hombre,20-24,104041,19.552,3.212,9.925,2.284,50.243,"Domingo, 14:00-18:00",True,29.477,10220.494,5188.167,15408.662
A-09,hombre,25-29,117323,20.184,2.849,9.971,2.1,43.841,"Domingo, 14:00-18:00",True,30.156,10381.954,5128.795,15510.75
A-10,mujer,15-19,116283,14.045,2.544,16.064,3.013,51.322,"Domingo, 14:00-18:00",True,30.108,8381.643,9586.649,17968.292
A-10,mujer,20-24,116817,13.394,2.606,8.432,2.147,42.542,"Domingo, 14:00-18:00",True,21.826,6656.362,4190.243,10846.605
A-10,mujer,25-29,147841,11.462,2.457,7.337,1.514,37.121,"Domingo, 14:00-18:00",True,18.799,6290.245,4026.657,10316.902
A-10,hombre,15-19,109974,16.708,3.027,13.055,2.448,60.612,"Domingo, 14:00-18:00",True,29.763,11137.256,8701.898,19839.153
A-10,hombre,20-24,104041,15.934,3.1,6.852,1.745,50.243,"Domingo, 14:00-18:00",True,22.786,8329.341,3581.88,11911.221
A-10,hombre,25-29,117323,13.635,2.923,5.963,1.231,43.841,"Domingo, 14:00-18:00",True,19.598,7013.439,3066.947,10080.386
A-11,mujer,15-19,116283,27.38,3.523,,,51.322,"Domingo, 14:00-18:00",True,27.38,16339.832,0.0,16339.832
A-11,mujer,20-24,116817,23.467,3.311,,,42.542,"Domingo, 14:00-18:00",True,23.467,11662.029,0.0,11662.029
A-11,mujer,25-29,147841,31.026,3.479,,,37.121,"Domingo, 14:00-18:00",True,31.026,17027.399,0.0,17027.399
A-11,hombre,15-19,109974,22.434,2.887,,,60.612,"Domingo, 14:00-18:00",True,22.434,14954.236,0.0,14954.236
A-11,hombre,20-24,104041,19.228,2.713,,,50.243,"Domingo, 14:00-18:00",True,19.228,10051.142,0.0,10051.142
A-11,hombre,25-29,117323,25.422,2.85,,,43.841,"Domingo, 14:00-18:00",True,25.422,13076.136,0.0,13076.136
A-12,mujer,15-19,116283,17.399,2.259,,,51.322,"Domingo, 14:00-18:00",True,17.399,10383.303,0.0,10383.303
A-12,mujer,20-24,116817,15.678,2.036,,,42.542,"Domingo, 14:00-18:00",True,15.678,7791.407,0.0,7791.407
A-12,mujer,25-29,147841,13.888,1.803,,,37.121,"Domingo, 14:00-18:00",True,13.888,7621.756,0.0,7621.756
A-12,hombre,15-19,109974,43.364,5.631,,,60.612,"Domingo, 14:00-18:00",True,43.364,28905.251,0.0,28905.251
A-12,hombre,20-24,104041,39.075,5.074,,,50.243,"Domingo, 14:00-18:00",True,39.075,20425.929,0.0,20425.929
A-12,hombre,25-29,117323,34.614,4.495,,,43.841,"Domingo, 14:00-18:00",True,34.614,17803.719,0.0,17803.719
A-13,mujer,15-19,116283,12.808,0.982,,,51.322,"Domingo, 14:00-18:00",True,12.808,7643.674,0.0,7643.674
A-13,mujer,20-24,116817,8.963,1.032,,,42.542,"Domingo, 14:00-18:00",True,8.963,4454.494,0.0,4454.494
A-13,mujer,25-29,147841,6.241,0.903,,,37.121,"Domingo, 14:00-18:00",True,6.241,3425.051,0.0,3425.051
A-13,hombre,15-19,109974,35.779,2.743,,,60.612,"Domingo, 14:00-18:00",True,35.779,23849.533,0.0,23849.533
A-13,hombre,20-24,104041,25.039,2.884,,,50.243,"Domingo, 14:00-18:00",True,25.039,13088.827,0.0,13088.827
A-13,hombre,25-29,117323,17.434,2.523,,,43.841,"Domingo, 14:00-18:00",True,17.434,8967.249,0.0,8967.249
A-15,mujer,15-19,116283,9.585,1.899,,,51.322,"Domingo, 14:00-18:00",True,9.585,5720.108,0.0,5720.108
A-15,mujer,20-24,116817,7.771,1.54,,,42.542,"Domingo, 14:00-18:00",True,7.771,3862.057,0.0,3862.057
A-15,mujer,25-29,147841,10.508,2.082,,,37.121,"Domingo, 14:00-18:00",True,10.508,5767.052,0.0,5767.052
A-15,hombre,15-19,109974,8.813,1.746,,,60.612,"Domingo, 14:00-18:00",True,8.813,5874.437,0.0,5874.437
A-15,hombre,20-24,104041,7.145,1.416,,,50.243,"Domingo, 14:00-18:00",True,7.145,3735.127,0.0,3735.127
A-15,hombre,25-29,117323,9.662,1.914,,,43.841,"Domingo, 14:00-18:00",True,9.662,4969.703,0.0,4969.703
A-16,mujer,15-19,116283,,,9.906,1.761,51.322,"Domingo, 14:00-18:00",True,9.906,0.0,5911.78,5911.78
A-16,mujer,20-24,116817,,,13.349,1.818,42.542,"Domingo, 14:00-18:00",True,13.349,0.0,6633.974,6633.974
A-16,mujer,25-29,147841,,,,,37.121,"Domingo, 14:00-18:00",False,0.0,0.0,0.0,0.0
A-16,hombre,15-19,109974,,,9.525,1.619,60.612,"Domingo, 14:00-18:00",True,9.525,0.0,6349.132,6349.132
A-16,hombre,20-24,104041,,,10.593,1.727,50.243,"Domingo, 14:00-18:00",True,10.593,0.0,5537.3,5537.3
A-16,hombre,25-29,117323,,,,,43.841,"Domingo, 14:00-18:00",False,0.0,0.0,0.0,0.0
A-17,mujer,15-19,116283,2.388,0.504,3.6,0.968,51.322,"Domingo, 14:00-18:00",True,5.988,1425.428,2148.436,3573.864
A-17,mujer,20-24,116817,3.096,0.632,4.087,1.101,42.542,"Domingo, 14:00-18:00",True,7.182,1538.352,2031.092,3569.445
A-17,mujer,25-29,147841,3.655,0.711,3.277,1.14,37.121,"Domingo, 14:00-18:00",True,6.932,2005.882,1798.434,3804.316
A-17,hombre,15-19,109974,2.788,0.586,3.304,1.001,60.612,"Domingo, 14:00-18:00",True,6.093,1858.746,2202.699,4061.445
A-17,hombre,20-24,104041,3.248,0.618,2.221,0.991,50.243,"Domingo, 14:00-18:00",True,5.468,1697.572,1160.988,2858.56
A-17,hombre,25-29,117323,2.126,0.518,0.554,0.762,43.841,"Domingo, 14:00-18:00",True,2.68,1093.259,285.209,1378.468
A-18,mujer,15-19,116283,1.592,0.148,,,51.322,"Domingo, 14:00-18:00",True,1.592,949.841,0.0,949.841
A-18,mujer,20-24,116817,4.506,0.418,,,42.542,"Domingo, 14:00-18:00",True,4.506,2239.384,0.0,2239.384
A-18,mujer,25-29,147841,5.91,0.548,,,37.121,"Domingo, 14:00-18:00",True,5.91,3243.172,0.0,3243.172
A-18,hombre,15-19,109974,2.459,0.187,,,60.612,"Domingo, 14:00-18:00",True,2.459,1638.782,0.0,1638.782
A-18,hombre,20-24,104041,6.406,0.486,,,50.243,"Domingo, 14:00-18:00",True,6.406,3348.619,0.0,3348.619
A-18,hombre,25-29,117323,8.336,0.633,,,43.841,"Domingo, 14:00-18:00",True,8.336,4287.615,0.0,4287.615
