id,tipo,grupo,linea,formato_sostenido,ficha,medido,relacion,factor,frenados_medidos,prac_valor,prac_precision,fren_valor,fren_dinero,fren_informacion,fren_oferta,prac_fuente,fren_fuente,convocables,convocables_ya,convocables_frenados,convocables_inf,convocables_sup,pct_jovenes,pct_mujeres,publico_principal,conv_codigo,conv_detalle,oferta_ids,necesidad,puesto,puesto_inf,puesto_sup
A-01,Música en vivo,actividad,Cultura y encuentro,"Escenario o ciclo musical mensual en un espacio público, con bandas y artistas jóvenes locales",,True,misma,1.0,True,21.366,confiable,19.967,16.679,2.716,0.572,"ENAPRES 2022-2025 · fue en los últimos 12 meses: espectáculo musical (conciertos, festivales)","ENAPRES 2022-2025 · no fue por falta de dinero, de información o de oferta",135591.303,70085.067,65506.236,125865.221,144959.692,19.036,58.337,mujer 25-29,C1,solo anuncios de oferta,C3-007; C3-022; C3-057; C3-073; C3-085; C3-127,sin evidencia,1.0,1.0,1.0
A-02,Cine,actividad,Cultura y encuentro,Cineclub: proyecciones gratuitas periódicas con conversación,F-07,True,relacionada,0.5,True,63.187,confiable,7.717,6.917,0.8,0.0,ENAPRES 2022-2025 · fue en los últimos 12 meses: cine,"ENAPRES 2022-2025 · no fue por falta de dinero, de información o de oferta",117887.594,105453.769,12433.825,113575.29,122194.487,16.551,53.64,mujer 15-19,C0,sin registros comparables,C3-024; C3-097,sin evidencia,2.0,2.0,2.0
A-09,Ferias del libro y lectura,actividad,Cultura y encuentro,Club de lectura o escritura con participación en ferias del libro,F-08,True,misma,1.0,True,19.422,confiable,12.578,2.682,9.383,0.513,ENAPRES 2022-2025 · fue en los últimos 12 meses: feria del libro,"ENAPRES 2022-2025 · no fue por falta de dinero, de información o de oferta",106823.31,64908.424,41914.887,98097.211,115455.39,14.997,51.077,hombre 15-19,C2,"C2 por C3-107: comparable en parte; no plenamente en segmento, formato",C3-013; C3-055; C3-065; C3-082; C3-104; C3-107,sin evidencia,3.0,3.0,4.0
A-03,Festivales y fiestas locales,actividad,Cultura y encuentro,"Festival o fiesta local gratuita (por naturaleza, un evento anual)",F-06,True,misma,1.0,True,19.587,confiable,10.724,4.031,4.53,2.163,"ENAPRES 2022-2025 · fue en los últimos 12 meses: festival local o tradicional (fiestas patronales, carnavales)","ENAPRES 2022-2025 · no fue por falta de dinero, de información o de oferta",100205.566,64697.971,35507.595,91659.653,108653.398,14.068,54.16,mujer 25-29,C2,C2 por C3-035: comparable en parte; no plenamente en formato,C3-035; C3-073; C3-076; C3-091; C3-098; C3-103; C3-127; C3-136,sin evidencia,4.0,3.0,5.0
A-12,Deporte organizado,actividad,Deporte y actividad física,"Liga, torneo o entrenamiento semanal para jóvenes de 18 a 29",F-05,True,relacionada,1.0,False,27.599,confiable,,,,,ENUT 2024 · lo hizo en la última semana: deporte y ejercicio físico,,92931.364,92931.364,0.0,83725.318,102083.756,13.047,27.759,hombre 15-19,C3,"C3 por C3-053: comparable en parte; no plenamente en costo. Cifra declarada por quien organiza, sin cupos publicados",C3-009; C3-051; C3-053; C3-054; C3-081; C3-114; C3-120; C3-121,sin evidencia,5.0,4.0,6.0
A-11,Patrimonio,actividad,Cultura y encuentro,"Rutas periódicas por el patrimonio local, guiadas por jóvenes",F-09,True,misma,1.0,False,25.081,confiable,,,,,ENAPRES 2022-2025 · visitó en los últimos 12 meses: monumento histórico,,83110.774,83110.774,0.0,76178.124,90284.347,11.668,54.18,mujer 25-29,C2,C2 por C3-019: comparable en parte; no plenamente en segmento,C3-019; C3-076; C3-078; C3-119,sin evidencia,6.0,5.0,7.0
A-10,Biblioteca como espacio juvenil,actividad,Cultura y encuentro,"Actividades juveniles permanentes en bibliotecas (estudio, clubes, talleres)",F-08,True,misma,1.0,True,14.134,confiable,9.872,1.454,7.26,1.158,ENAPRES 2022-2025 · fue en los últimos 12 meses: biblioteca o sala de lectura,"ENAPRES 2022-2025 · no fue por falta de dinero, de información o de oferta",80962.561,47808.286,33154.275,72978.306,89113.259,11.367,48.333,hombre 15-19,C2,"C2 por C3-107: comparable en parte; no plenamente en segmento, formato",C3-013; C3-055; C3-065; C3-082; C3-104; C3-107,sin evidencia,7.0,6.0,7.0
A-13,Videojuegos presenciales,actividad,Cultura digital,Club o torneo periódico de videojuegos presencial,F-10,True,relacionada,0.5,False,34.654,confiable,,,,,ENAPRES 2022-2025 · jugó en los últimos 12 meses: videojuegos multijugador en línea,,61428.828,61428.828,0.0,56627.447,65988.716,8.624,25.27,hombre 15-19,C0,sin registros comparables,,sin evidencia,8.0,8.0,9.0
A-08,Artesanía,actividad,Cultura y encuentro,Taller de artesanía con ferias de venta,,True,relacionada,0.5,True,20.755,confiable,14.912,3.877,9.963,1.072,ENAPRES 2022-2025 · fue en los últimos 12 meses: feria artesanal,"ENAPRES 2022-2025 · no fue por falta de dinero, de información o de oferta",58543.606,33929.275,24614.331,53941.971,62945.486,8.219,57.967,mujer 25-29,C0,sin registros para jóvenes,C3-015; C3-023,sin evidencia,9.0,8.0,9.0
A-04,Danza,actividad,Cultura y encuentro,Taller o elenco de danza con ensayos semanales y presentaciones,,True,relacionada,0.5,True,18.264,confiable,12.514,4.687,6.321,1.506,ENAPRES 2022-2025 · fue en los últimos 12 meses: danza,"ENAPRES 2022-2025 · no fue por falta de dinero, de información o de oferta",50924.401,30286.994,20637.408,46764.58,55180.976,7.15,54.57,mujer 15-19,C2,"participación declarada sin cifra o de otro público en C3-035, C3-103",C3-035; C3-045; C3-047; C3-062; C3-091; C3-097; C3-103; C3-142,sin evidencia,10.0,10.0,10.0
A-06,Circo y artes urbanas,actividad,Cultura y encuentro,"Taller de circo o artes urbanas (malabares, acrobacia) con presentaciones",,True,relacionada,0.5,True,10.61,confiable,14.664,9.739,3.39,1.536,ENAPRES 2022-2025 · fue en los últimos 12 meses: circo,"ENAPRES 2022-2025 · no fue por falta de dinero, de información o de oferta",41967.191,17448.022,24519.169,38057.981,45750.422,5.892,55.006,mujer 15-19,C0,sin registros para jóvenes,C3-137,sin evidencia,11.0,11.0,12.0
A-05,Teatro,actividad,Cultura y encuentro,Taller de teatro con montaje y funciones,,True,relacionada,0.5,True,10.978,confiable,13.688,6.261,6.475,0.952,ENAPRES 2022-2025 · fue en los últimos 12 meses: teatro,"ENAPRES 2022-2025 · no fue por falta de dinero, de información o de oferta",41019.168,18225.214,22793.954,37210.136,45020.851,5.759,54.259,mujer 15-19,C1,solo anuncios de oferta,C3-063; C3-067; C3-137,sin evidencia,12.0,11.0,13.0
A-07,Artes visuales,actividad,Cultura y encuentro,"Taller de dibujo, pintura, fotografía o muralismo con exposición",,True,relacionada,0.5,True,8.615,confiable,13.22,3.973,8.008,1.238,"ENAPRES 2022-2025 · fue en los últimos 12 meses: exposición de fotografía, pintura o arte","ENAPRES 2022-2025 · no fue por falta de dinero, de información o de oferta",35885.153,14207.979,21677.174,32414.165,39340.984,5.038,59.733,mujer 15-19,C1,solo anuncios de oferta,C3-014; C3-015; C3-059; C3-079; C3-138; C3-140,sin evidencia,13.0,12.0,13.0
A-15,Voluntariado,actividad,Participación,"Voluntariado de corta duración y resultados visibles, con convocatorias periódicas",F-14,True,misma,1.0,False,9.024,referencial,,,,,ENUT 2024 · lo hizo en la última semana: voluntariado y ayuda a la comunidad u otros hogares,,29928.483,29928.483,0.0,25907.033,34061.054,4.202,51.286,hombre 15-19,C3,"C3 por C3-011: comparable en todas las dimensiones. Cifra declarada por quien organiza, sin cupos publicados",C3-011; C3-020; C3-072; C3-108; C3-119,objetivo institucional,14.0,14.0,14.0
A-14,Tecnología,actividad,Cultura digital,Talleres de programación o retos colaborativos de tecnología,F-11,False,sin dato,1.0,False,,,,,,,,,,,,,,,,,C2,C2 por C3-100: comparable en parte; no plenamente en segmento,C3-100; C3-111,sin evidencia,,,
A-16,Preparación para la educación superior,servicio,Educación,"Academia preuniversitaria gratuita y orientación, con ciclos",F-01,True,sin dato,1.0,True,,,9.763,9.763,,,,ENAHO 2022-2025 · 15 a 24 años que terminaron la secundaria y no estudian por motivo económico,24432.186,0.0,24432.186,21148.121,27678.221,3.43,51.349,mujer 20-24,C4,"C4 por C3-125: comparable en todas las dimensiones. Es demanda por esa oferta concreta, no interés general (C3-D9)",C3-006; C3-046; C3-070; C3-080; C3-096; C3-099; C3-123; C3-125; C3-141,brecha de acceso,1.0,1.0,1.0
A-17,Acompañamiento para el empleo,servicio,Empleo e ingresos,"Programa de preparación para buscar empleo y conexión con vacantes, por ciclos",F-02,True,relacionada,0.5,True,5.777,confiable,5.622,,,,ENAHO 2022-2025 · busca trabajo,"ENAHO 2022-2025 · no tiene trabajo, quiere trabajar, pero no busca",19246.098,9619.239,9626.858,16644.455,21831.127,2.702,56.882,hombre 15-19,C4,"C4 por C3-084: comparable en parte; no plenamente en territorio, formato. Es demanda por esa oferta concreta, no interés general (C3-D9)",C3-003; C3-044; C3-083; C3-084; C3-090; C3-093; C3-094; C3-102; C3-105; C3-111; C3-126; C3-135,prevalencia,2.0,2.0,2.0
A-18,Emprendimiento,servicio,Empleo e ingresos,Acompañamiento a jóvenes que ya trabajan por cuenta propia,F-04,True,relacionada,0.5,False,9.903,confiable,,,,,ENAHO 2022-2025 · trabaja por su cuenta o es empleador,,15707.412,15707.412,0.0,14774.841,16659.45,2.205,40.951,hombre 25-29,C2,C2 por C3-132: comparable en parte; no plenamente en formato,C3-041; C3-064; C3-111; C3-132,sin evidencia,3.0,3.0,3.0
A-19,Derechos laborales,servicio,Empleo e ingresos,Talleres sobre derechos laborales y formalización,F-03,False,sin dato,1.0,False,,,,,,,,,,,,,,,,,C2,C2 por C3-061: comparable en todas las dimensiones,C3-042; C3-061,prevalencia,,,
A-20,Bienestar y salud mental,servicio,Bienestar y protección,"Espacio de bienestar para mujeres jóvenes, con derivación",F-12,False,sin dato,1.0,False,,,,,,,,,,,,,,,,,C2,"C2 por C3-087: comparable en parte; no plenamente en segmento, formato",C3-017; C3-027; C3-037; C3-087; C3-113,prevalencia (medida en Lima Metropolitana),,,
