id,tipo,tema,enunciado,hallazgos,cautela
PT-01,patrón,Estudio y empleo,"Para estudiar, la barrera no es el interés sino el trabajo y el dinero; la oferta publicada para jóvenes se concentra en empleo y preparación preuniversitaria, y es ahí donde aparecen más cifras de participación juvenil.",H1-05; H1-06; H1-07; H2-06; H2-12; H3-02; H3-05; H3-06; H3-07; H3-08,"Las señales de demanda (becas, talleres de SENAJU) se refieren a ofertas concretas y gratuitas; no indican interés general por la formación."
PT-02,brecha,Edad,"La oferta publicada casi termina a los 17 años, mientras más de dos tercios de los jóvenes de Lima Este tienen 20–29 años y practican deporte, cultura y actividades digitales. Fuera de empleo y preparación preuniversitaria, casi no hay oferta visible para 18–29.",H1-01; H2-02; H2-07; H2-08; H3-01; H3-02; H3-11,Es una brecha entre práctica documentada y oferta visible. No prueba que los jóvenes de 18–29 quieran actividades organizadas.
PT-03,brecha,Deporte,"El deporte es una de las prácticas juveniles más extendidas (27,6 % semanal en Lima Este), con una gran brecha por sexo (49 % hombres, 20 % mujeres en Lima Metropolitana); no hay organizaciones juveniles deportivas acreditadas y la oferta deportiva visible se dirige a 6–17 años, aunque hay espacios nuevos o reabiertos.",H1-02; H1-10; H2-02; H3-03; H3-11; H3-12; H3-17; H3-20,"La alta demanda de la Academia IPD es de 6–17 años y no se generaliza a 18–29. La baja práctica de las mujeres no es, por sí sola, demanda insatisfecha."
PT-04,patrón,Cultura y entretenimiento,"Cine (63 %) y espectáculos en vivo (45 %) son las prácticas culturales más extendidas en Lima Este; el dinero es barrera en cine y conciertos, y los asistentes entran gratis sobre todo a ferias y festivales. Hay oferta de cultura urbana, pero sin cifras de asistencia juvenil.",H2-07; H2-09; H2-10; H3-04; H3-13,Falta evidencia local de convocatoria a eventos juveniles; la práctica cultural no indica interés en eventos organizados por terceros.
PT-05,patrón,Digital,"Lo digital domina el tiempo y el consumo (pantallas, video, música, videojuegos), pero las habilidades avanzadas son minoritarias y solo un tercio usa internet para aprender; la oferta tecnológica para jóvenes es mínima y tiene un solo dato de convocatoria (hackathon con 400 inscripciones).",H1-09; H2-01; H2-08; H2-11; H2-15; H3-02; H3-10; H3-15,No se encontró oferta de videojuegos: esa ausencia no es evidencia de demanda. El juego es mayormente individual y en casa.
PT-06,brecha,Mujeres jóvenes,"Las mujeres jóvenes concentran más necesidades documentadas (más NINI, menor participación laboral, más episodio depresivo, casi todas las víctimas atendidas en los CEM, más inseguridad nocturna) y mucha menos práctica deportiva y de juegos; son mayoría en el voluntariado. La oferta con enfoque en mujeres jóvenes es casi inexistente.",H1-03; H1-06; H1-07; H1-08; H1-10; H1-11; H1-14; H2-02; H2-03; H2-12; H3-14,Casi toda la evidencia es de Lima Metropolitana o de registros que dependen del acceso a servicios.
PT-07,patrón,Participación,"La participación organizada es muy baja y la densidad de organizaciones juveniles es menor en los distritos más poblados; el voluntariado llega sobre todo a mujeres estudiantes, no a quienes trabajan. La oferta de participación es frecuente pero sus cifras son pequeñas.",H1-02; H1-03; H1-04; H1-12; H2-04; H3-02; H3-16,Que haya mucha oferta de participación no indica interés.
PT-08,condición de diseño,Tiempo,"El tiempo es escaso y poco satisfactorio: la mitad estudia (~37 h) y más de la mitad trabaja o busca trabajo (~42 h); la falta de tiempo es la segunda barrera cultural. Conviene formatos cortos, fines de semana y cerca de casa.",H2-05; H2-06; H2-09,No se midieron horarios preferidos.
PT-09,condición de diseño,Costo,"El dinero limita el estudio y la asistencia a cine y conciertos; la oferta publicada es casi toda gratuita, y las cuatro señales de demanda observadas son de ofertas gratuitas.",H2-09; H2-10; H2-12; H3-04; H3-06; H3-08; H3-12,No se midió disposición a pagar.
PT-10,condición de diseño,Seguridad,"Un tercio de los jóvenes de Lima Metropolitana dejó de hacer actividades por la delincuencia, y dos de cada tres mujeres jóvenes se sienten inseguras de noche en su barrio. Horarios, recorridos y espacios deben considerarlo.",H1-10,Dato de Lima Metropolitana.
PT-11,condición de diseño,Información y difusión,"La falta de información es una barrera relevante en ferias y exposiciones, la oferta municipal es poco visible en internet y los jóvenes usan intensamente redes como TikTok; la difusión no puede depender solo de notas municipales.",H2-09; H2-15; H3-18,El dato de redes es de Ipsos (2022).
PT-12,patrón,Adolescentes 15–19,"Los registros de maternidad adolescente y de violencia atendida muestran necesidades concentradas en adolescentes (El Agustino, Santa Anita y Ate por encima de la mediana en maternidad; 41 % de las víctimas atendidas tiene 15–19 años). La oferta de prevención llega sobre todo por colegios.",H1-13; H1-14; H3-14,"Los registros no miden prevalencia; el alcance en colegios es de público cautivo, no convocatoria voluntaria."
