id,propuesta,tipo_actividad,descripcion,segmento,hallazgos_c1,hallazgos_c2,hallazgos_c3,barreras,hallazgos_barreras,nivel_necesidad,nivel_interes,nivel_convocatoria,sustento,convocatoria,hipotesis,validacion,donde,cautelas
P01,Preparación preuniversitaria accesible con orientación vocacional y acompañamiento para postular a becas,formación académica y orientación,"Ciclos gratuitos o becados de preparación para el examen de admisión, sesiones de orientación vocacional y apoyo para postular a Beca 18 y becas municipales o privadas.",16–19 años (5.º de secundaria y egresados recientes) de hogares con restricciones económicas,H1-01; H1-05,H2-11; H2-12,H3-02; H3-04; H3-05; H3-06,"El costo: entre quienes no estudian en Lima Este, 28 % menciona problemas económicos y 31 % está trabajando. Algunas academias municipales son pagadas (S/ 150 al mes en Santa Anita).",H2-12; H3-04,alto,medio,medio,"En Lima Este, 28 % de quienes no estudian lo atribuye a problemas económicos y solo 2 % a falta de interés. La oferta existente reúne cifras concretas: 180 alumnos en la academia gratuita de Chosica, 100 becarios en El Agustino, 300 asistentes a una feria vocacional.","Hay participación declarada con cifras en actividades similares para el mismo segmento en Lima Este. La única demanda observada es por una beca concreta (80 postulantes para 10 becas en Santa Anita), que muestra atracción por la gratuidad de esa oportunidad, no interés general.","Que una oferta adicional atraiga a jóvenes que hoy no acceden a ninguna preparación (y no desplace a las academias municipales); qué componente convoca más (preparación, orientación o apoyo para becas).",Inscritos frente a cupos y lista de espera; asistencia sostenida (4.ª semana); proporción sin otra preparación; postulaciones e ingresos a becas y universidades.,"Criterio operativo, no de demanda: SJL concentra 99 mil adolescentes de 15–19 y no se encontró academia municipal gratuita; coordinar con las academias de Chosica, Santa Anita, Ate y El Agustino para complementar, no duplicar.",Evitar competir con academias municipales existentes; el ingreso universitario depende de factores fuera de la actividad.
P02,Empleabilidad y primer empleo: taller breve y acompañamiento hacia vacantes reales,empleo y empleabilidad,"Taller corto (CV, entrevista, derechos laborales, uso de bolsas en línea) conectado con ferias, bolsas de trabajo y centros de empleo, con seguimiento de postulaciones.",18–29 años que buscan trabajo o no estudian ni trabajan; prioridad mujeres jóvenes,H1-04; H1-06; H1-07,H2-06; H2-12; H2-14,H3-02; H3-07; H3-08; H3-09; H3-17,"El tiempo: más de la mitad trabaja o busca trabajo. En las mujeres pesan más los problemas económicos, familiares y del hogar como motivo para no estudiar. Los programas de voluntariado casi no llegan a quienes trabajan.",H1-04; H2-06; H2-12,medio,medio,medio,"Desempleo juvenil de 11,7 % e informalidad de 65 % en Lima Metropolitana; 22 % de las mujeres jóvenes no estudia ni trabaja. En Lima Este, trabajar es el principal motivo para no estudiar (31 %).","Programas juveniles de empleabilidad en Lima Este con cifras pequeñas (62 aprobados, 50 y 143 jóvenes empleados). Las ferias atraen 'cientos' o 'miles' de personas de todas las edades. Los talleres gratuitos de empleabilidad de SENAJU agotaron inscripciones en 2024, pero a escala de Lima y el país.","Que jóvenes que no estudian, y en particular mujeres, acudan a un taller (el voluntariado casi no llega a quienes trabajan); qué horario y formato permite asistir; que la conexión con vacantes concretas aumente la asistencia.",Inscritos frente a cupos; proporción de mujeres y de jóvenes que no estudian ni trabajan; asistencia; postulaciones y contrataciones a tres meses.,"Criterio operativo: SJL (Agencia Local de Empleo y Centro de Empleo del MTPE) y Santa Anita (nuevo Centro de Empleo, Casa de la Juventud).","No prometer empleo; las ferias existentes ya ofrecen vacantes, así que el valor está en preparar y acompañar."
P03,"Habilidades digitales aplicadas y retos colaborativos (hackathons, proyectos)",tecnología y competencias digitales,"Talleres cortos de ofimática avanzada, diseño y contenido digital o programación inicial, que terminan en un reto o proyecto en equipo con un problema del barrio.",15–24 años (estudiantes de secundaria y superior) y 18–29 que buscan empleo,H1-09,H2-01; H2-08; H2-11,H3-02; H3-10; H3-17,El acceso a equipos: la mayoría se conecta desde el celular y pocas personas tienen habilidades avanzadas. El tiempo disponible es escaso.,H1-09; H2-06,medio,medio,bajo,"Uso de internet casi universal, pero solo 14,5 % programa y 55 % instala software (Lima Metropolitana); en Lima Este un tercio usa internet para aprender.","Un solo dato: la hackathon municipal de SJL tuvo más de 400 inscripciones (mayores de 18, de varios distritos, no solo jóvenes). La oferta tecnológica dirigida a jóvenes es mínima y sin cifras.","Qué contenidos convocan (ofimática para el empleo, diseño y contenido, programación); si el formato de reto convoca más que un curso; presencial frente a virtual.",Inscritos frente a cupos por contenido; asistencia; proyectos terminados; proporción de mujeres.,"Criterio operativo: SJL (experiencia previa de hackathon, coworking) y La Molina (CETPRO, computación gratuita para 10–18).",Garantizar acceso a equipos: el uso de internet es sobre todo desde el celular.
P04,"Deporte organizado para jóvenes de 18–29 (ligas, torneos y entrenamiento), con opciones seguras para mujeres jóvenes",deporte y actividad física,"Ligas o torneos de fútbol, vóley o básquet y sesiones de entrenamiento funcional o calistenia en espacios nuevos o reabiertos, en horarios compatibles con trabajo y estudio, con opciones femeninas o mixtas en horarios seguros.",18–29 años; submeta mujeres jóvenes,H1-02; H1-10,H2-02; H2-06; H2-15,H3-03; H3-11; H3-12; H3-17; H3-20,"La inseguridad, sobre todo de noche y para las mujeres (un tercio dejó de hacer actividades por la delincuencia). El tiempo disponible. La brecha de género en la práctica deportiva.",H1-10; H2-02; H2-06,bajo,alto,bajo,"27,6 % de los jóvenes de Lima Este hace deporte cada semana; en Lima Metropolitana, 49 % de los hombres y 20 % de las mujeres. No hay organizaciones juveniles deportivas acreditadas y la oferta visible se dirige a 6–17 años.",Para 18–29 casi no hay datos: un taller de tiro con arco (30 alumnos por horario) y carreras abiertas a todas las edades ('más de mil'). La fuerte demanda de la Academia IPD es de 6–17 años y no se generaliza.,Que jóvenes de 18–29 se inscriban en deporte organizado si el horario es compatible; que un formato femenino o en horario seguro aumente la participación de mujeres (su baja práctica no prueba demanda insatisfecha).,"Inscritos por sexo y edad; asistencia y retención; comparación de horarios y formatos (femenino, mixto).","Criterio operativo: espacios nuevos o reabiertos en SJL (complejos del IPD, Club Wiracocha), Ate (Club Huaycán, Cahuide, losas) y Chosica (Coliseo Carmela Estrella).",Coordinar el uso de espacios públicos; considerar la inseguridad nocturna.
P05,Escenarios gratuitos de cultura urbana y música en vivo con jóvenes como artistas y organizadores,cultura y entretenimiento,"Festivales o fechas periódicas gratuitas de música en vivo, freestyle, breaking y danza urbana, con convocatoria abierta a artistas y colectivos juveniles locales.",15–24 años,H1-02; H1-10,H2-03; H2-07; H2-09; H2-10,H3-04; H3-13,"El dinero: casi 8 de cada 10 asistentes a conciertos pagaron entrada, y el dinero es un motivo para no ir. La falta de interés y de tiempo. La inseguridad nocturna.",H1-10; H2-09; H2-10,sin evidencia,alto,bajo,"En Lima Este, 21,4 % fue a conciertos o festivales musicales, 19,6 % a festivales locales y 44,6 % a algún espectáculo en vivo en el año; el dinero es barrera en los conciertos, que casi siempre son pagados. Hay 20 organizaciones juveniles de cultura y arte acreditadas.","Existen eventos de cultura urbana en Chosica, Santa Anita y SJL, pero ninguna nota informa asistencia juvenil; un festival intercultural en SJL reunió 'más de mil vecinos' de todas las edades.",Que un evento local y gratuito convoque a jóvenes (y no solo a familias); qué géneros; que participar como artista u organizador aumente la convocatoria.,Asistentes y rango de edad (registro o conteo); artistas y colectivos inscritos; asistencia a una segunda fecha.,"Criterio operativo: distritos con eventos previos y espacios (Chosica, Santa Anita, SJL); aliarse con organizaciones de cultura y arte del RENOJ.",Horarios y seguridad; evitar depender de patrocinio de alcohol.
P06,Cine y creación audiovisual: proyecciones gratuitas con conversación y taller de video para redes,cultura y entretenimiento; competencias digitales,Ciclo de cine gratuito con conversación después de la función y un taller corto de producción de video para redes sociales.,15–24 años,H1-09,H2-07; H2-08; H2-09; H2-15,H3-13; H3-15,El dinero en el cine y la falta de tiempo o de interés como motivos para no ir.,H2-09; H2-10,sin evidencia,alto,sin evidencia,"El cine es la salida cultural más extendida (63,2 % en Lima Este); entre quienes no fueron, el 18,8 % lo atribuye al dinero; 92,8 % ve video por internet; la generación Z usa TikTok intensamente (Ipsos).",No hay actividad juvenil similar con datos en Lima Este: 'Cine en tu Barrio' se dirige a familias y no informa asistentes.,"Que la práctica individual de ver cine y video se traduzca en asistencia a una actividad grupal; que haya interés en producir, no solo en consumir (hipótesis adicional para el taller).",Asistentes por función y su edad; inscritos en el taller; videos producidos.,"Criterio operativo: espacios con auditorio o pantalla (Casa de la Juventud de Santa Anita, centros culturales municipales).",Derechos de exhibición de las películas.
P07,Videojuegos y e-sports presenciales como punto de encuentro,entretenimiento digital,"Torneos presenciales de videojuegos populares, con espacios de juego libre y componentes de habilidades digitales (streaming, diseño), diseñados para incluir a mujeres.",15–24 años,H1-09,H2-03; H2-08; H2-15,H3-15,La brecha de género: los juegos ocupan la semana de muchos más hombres que mujeres. No hay datos sobre otras barreras.,H2-03,sin evidencia,medio,sin evidencia,"En Lima Este, 46,3 % juega videojuegos en el celular y 34,7 % multijugador en línea (entre adultos de 30 años o más de Lima Este, 12,2 % y 4,3 %); aficiones y juegos: 27 % de los hombres y 9 % de las mujeres (Lima Metropolitana).",Sin evidencia: no se encontró ninguna actividad de videojuegos en Lima Este (la ausencia de oferta no es demanda).,"Que jugadores habituales, que juegan sobre todo en casa y solos o en línea, acudan a un evento presencial; que el formato convoque también a mujeres.",Inscritos frente a cupos; asistencia; proporción de mujeres; interés en componentes formativos.,Criterio operativo: un solo piloto pequeño en un espacio con conectividad.,Tiempo de pantalla; sesgo de género; contenidos adecuados por edad.
P08,"Espacios de bienestar y encuentro para mujeres jóvenes, con derivación a servicios",salud mental y bienestar,"Grupos de pares con actividades de arte, movimiento o conversación, facilitados por profesionales, con rutas de derivación a centros de salud mental comunitaria, CEM y DEMUNA.","Mujeres de 15–29 años (las adolescentes, en coordinación con colegios)",H1-07; H1-08; H1-11; H1-14,H2-02; H2-05,H3-02; H3-14,"La inseguridad y la carga del hogar en las mujeres. No hay datos sobre barreras para acudir a espacios de salud mental (por ejemplo, el estigma).",H1-10; H2-12,medio,bajo,bajo,"Episodio depresivo en 21,6 % de las mujeres jóvenes de Lima Metropolitana; 31,5 % de las que tienen pareja sufrió violencia; 94 % de los jóvenes atendidos en los CEM de Lima Este son mujeres. En Lima Este, 32 % está poco o nada satisfecho con el tiempo para sus amistades.","La oferta de bienestar para jóvenes tiene cifras vagas ('decenas' en una campaña de salud en SJL) y la de prevención llega por colegios, con público cautivo.","Que mujeres jóvenes asistan voluntariamente a un espacio de bienestar; que funcione mejor como componente de otra actividad (deporte, arte) que como actividad sobre salud mental.",Inscritas y asistencia; comparación entre formato propio y componente dentro de otra actividad; derivaciones realizadas.,"Criterio operativo: donde haya servicios para derivar; Santa Anita, Ate y Chaclacayo superan la mediana de casos atendidos en los CEM (dato de acceso, no de prevalencia).",No reemplaza la atención clínica; requiere protocolos de protección y personal calificado.
P09,Emprendimiento juvenil y ventas por internet,emprendimiento,"Taller práctico de idea de negocio, costos y ventas en redes, con una feria de jóvenes emprendedores al cierre.",18–29 años (y 15–17 en formato escolar),H1-06,H2-11; H2-13,H3-02; H3-17; H3-19,No hay datos sobre barreras para emprender en Lima Este.,,medio,bajo,bajo,"Informalidad juvenil de 65 % en Lima Metropolitana; solo 3,9 % de los jóvenes de Lima Este vende por internet. La aspiración a emprender solo se midió en 2019–2020 (Ipsos, 13–20 años).","Ferias de jóvenes emprendedores en Santa Anita con 'muchos' participantes sin cifra; el CETPRO de La Molina duplicó sus alumnos (385, de 14 a 60 años).",Que la aspiración a emprender siga vigente en Lima Este; que jóvenes con un negocio pequeño o una idea se inscriban; que la feria de cierre motive la participación.,Inscritos; proporción con negocio en marcha; asistencia; participación en la feria; ventas declaradas.,Criterio operativo: Santa Anita (ferias previas) y SJL (coworking municipal).,Evitar promover emprendimientos sin viabilidad; no sustituye el acceso a empleo formal.
P10,"Voluntariado de corta duración con resultados visibles (ambiente, espacios públicos, patrimonio)",participación y voluntariado,"Jornadas cortas de fin de semana con un resultado concreto (recuperar un espacio, arborizar, proteger un sitio patrimonial), con certificado y reconocimiento.",15–24 años estudiantes; probar formatos para jóvenes que trabajan,H1-02; H1-03; H1-04; H1-12,H2-04,H3-02; H3-16,"El tiempo, y que el voluntariado llega sobre todo a estudiantes, no a quienes trabajan.",H1-04; H2-06,bajo,medio,bajo,"9 % de los jóvenes de Lima Este hace voluntariado o ayuda a la comunidad cada semana (referencial). Los inscritos en el Programa de Voluntariado tienen más experiencia en educación, ambiente y cultura, y son sobre todo mujeres estudiantes.","Cifras pequeñas o sin desglose por edad (20 jóvenes en Minka Joven; más de 300 voluntarios de edad no indicada en Chosica). La oferta de participación es frecuente, pero eso no indica interés.","Que el formato corto y con resultado visible atraiga a jóvenes que trabajan y a hombres, que hoy casi no llegan al voluntariado.","Inscritos y perfil (estudia o trabaja, sexo); asistencia; repetición en una segunda jornada.","Criterio operativo: distritos con baja densidad de organizaciones acreditadas (SJL, Ate, Chosica, El Agustino).",Ya hay mucha oferta municipal de voluntariado: coordinar para no duplicar.
P11,"Componente de educación sexual integral y prevención de violencia para adolescentes, dentro de otras actividades",componente transversal (salud y prevención),"Sesiones breves de educación sexual integral, relaciones sanas y rutas de ayuda, integradas en actividades que ya convocan adolescentes (deporte, arte, preparación preuniversitaria) y en colegios.",Adolescentes de 15–19 años,H1-13; H1-14,,H3-14,"No hay datos sobre barreras de participación. Al tratarse de menores de edad, requiere el consentimiento de madres y padres.",,alto,sin evidencia,bajo,"Tasas de maternidad adolescente por encima de la mediana metropolitana en El Agustino, Santa Anita y Ate; 41 % de los jóvenes atendidos en los CEM tiene 15–19 años y 35 % de los casos son de violencia sexual.","Las intervenciones de prevención llegan por colegios con cientos de estudiantes, pero es público cautivo, no convocatoria voluntaria.","Que el componente, integrado en actividades de interés, sea aceptado sin reducir la asistencia a la actividad principal.",Asistencia a la actividad principal con y sin el componente; valoración de los participantes.,"Criterio operativo: El Agustino, Santa Anita y Ate (tasas de maternidad adolescente sobre la mediana).","Coordinar con salud, DEMUNA y colegios; consentimiento de padres para menores de edad."
