id,segmento,evidencia,indicador,poblacion_de_referencia,ambito,periodo,porcentaje,ic95_inf,ic95_sup,precision,n_muestral,personas_base_dato_joven_inf,personas_base_dato_joven_sup,personas_encuesta,personas_encuesta_ic95,texto,fichas,fuente
S-01,Jóvenes de 15–24 que no estudian y cuyo nivel máximo es secundaria completa,E-023,No estudia y su nivel máximo es secundaria completa,15-24 años,Lima Este,2022-2025,29.0,26.7,31.2,confiable,1811.0,119000.0,140000.0,157000.0,20000.0,"29,0 % de 15-24 años (≈ 119–140 mil según la población 2026 de Dato Joven; 136–177 mil según la expansión de la encuesta)",F-01,"ENAHO 2022-2025, Módulos 02, 03 y 05 (INEI), cálculo propio"
S-02,"Ídem, con problemas económicos como motivo principal",E-024,"No estudia, secundaria completa y motivo principal: problemas económicos",15-24 años,Lima Este,2022-2025,9.8,8.2,11.4,confiable,1811.0,36000.0,51000.0,53000.0,10000.0,"9,8 % de 15-24 años (≈ 36–51 mil según la población 2026 de Dato Joven; 43–63 mil según la expansión de la encuesta)",F-01,"ENAHO 2022-2025, Módulos 02, 03 y 05 (INEI), cálculo propio"
S-03,Jóvenes sin trabajo que buscan o quieren trabajar,E-049,Sin trabajo y busca o quiere trabajar,15-29 años,Lima Este,2022-2025,11.4,10.1,12.7,confiable,2675.0,72000.0,91000.0,97000.0,15000.0,"11,4 % de 15-29 años (≈ 72–91 mil según la población 2026 de Dato Joven; 82–111 mil según la expansión de la encuesta)",F-02,"ENAHO 2022-2025, Módulos 02, 03 y 05 (INEI), cálculo propio"
S-04,Jóvenes que buscan trabajo (desocupados),E-048,Busca trabajo (desocupado abierto),15-29 años,Lima Este,2022-2025,5.8,4.8,6.8,confiable,2675.0,34000.0,48000.0,49000.0,10000.0,"5,8 % de 15-29 años (≈ 34–48 mil según la población 2026 de Dato Joven; 39–59 mil según la expansión de la encuesta)",F-02,"ENAHO 2022-2025, Módulos 02, 03 y 05 (INEI), cálculo propio"
S-05,Jóvenes ocupados con empleo informal (2022–2023),E-057,Ocupado con empleo informal,15-29 años,Lima Este,2022-2023,37.6,34.5,40.7,confiable,1290.0,246000.0,290000.0,301000.0,50000.0,"37,6 % de 15-29 años (≈ 246–290 mil según la población 2026 de Dato Joven; 251–351 mil según la expansión de la encuesta)",F-03,"ENAHO 2022-2025, Módulos 02, 03 y 05 (INEI), cálculo propio"
S-06,Jóvenes que trabajan por cuenta propia o como empleadores,E-059,Trabaja como independiente o empleador,15-29 años,Lima Este,2022-2025,9.9,8.7,11.1,confiable,2675.0,62000.0,79000.0,84000.0,13000.0,"9,9 % de 15-29 años (≈ 62–79 mil según la población 2026 de Dato Joven; 71–97 mil según la expansión de la encuesta)",F-04,"ENAHO 2022-2025, Módulos 02, 03 y 05 (INEI), cálculo propio"
S-07,Jóvenes que hicieron deporte o ejercicio en la semana,E-170,Hizo deporte o ejercicio en la semana (diario),15-29 años,Lima Este,2024,27.6,20.6,34.6,confiable,234.0,147000.0,247000.0,154000.0,55000.0,"27,6 % de 15-29 años (≈ 147–247 mil según la población 2026 de Dato Joven; 99–209 mil según la expansión de la encuesta)",F-05,"ENUT 2024 (INEI), cálculo propio"
S-08,Jóvenes que fueron a un festival local o tradicional en el año,E-130,Fue a un festival local o tradicional en los últimos 12 meses,15-29 años,Lima Este,2022-2025,19.6,16.2,23.0,confiable,738.0,115000.0,164000.0,133000.0,27000.0,"19,6 % de 15-29 años (≈ 115–164 mil según la población 2026 de Dato Joven; 105–160 mil según la expansión de la encuesta)",F-06,"ENAPRES 2022-2025, cap. 800A (INEI), cálculo propio"
S-09,Jóvenes que fueron a un concierto o festival musical en el año,E-120,Fue a un concierto o festival musical en los últimos 12 meses,15-29 años,Lima Este,2022-2025,21.4,18.0,24.8,confiable,738.0,128000.0,176000.0,145000.0,28000.0,"21,4 % de 15-29 años (≈ 128–176 mil según la población 2026 de Dato Joven; 116–173 mil según la expansión de la encuesta)",F-06,"ENAPRES 2022-2025, cap. 800A (INEI), cálculo propio"
S-10,Jóvenes que fueron al cine en el año,E-110,Fue al cine en los últimos 12 meses,15-29 años,Lima Este,2022-2025,63.2,59.2,67.2,confiable,738.0,422000.0,478000.0,427000.0,57000.0,"63,2 % de 15-29 años (≈ 422–478 mil según la población 2026 de Dato Joven; 371–484 mil según la expansión de la encuesta)",F-07,"ENAPRES 2022-2025, cap. 800A (INEI), cálculo propio"
S-11,Jóvenes que fueron a una feria del libro en el año,E-142,Fue a una feria del libro,15-29 años,Lima Este,2022-2025,19.4,16.1,22.7,confiable,738.0,115000.0,162000.0,131000.0,27000.0,"19,4 % de 15-29 años (≈ 115–162 mil según la población 2026 de Dato Joven; 104–159 mil según la expansión de la encuesta)",F-08,"ENAPRES 2022-2025, cap. 800A (INEI), cálculo propio"
S-12,Jóvenes que fueron a una biblioteca en el año,E-140,Fue a una biblioteca o sala de lectura,15-29 años,Lima Este,2022-2025,14.1,10.9,17.3,confiable,738.0,78000.0,124000.0,96000.0,24000.0,"14,1 % de 15-29 años (≈ 78–124 mil según la población 2026 de Dato Joven; 71–120 mil según la expansión de la encuesta)",F-08,"ENAPRES 2022-2025, cap. 800A (INEI), cálculo propio"
S-13,Jóvenes que visitaron un monumento histórico en el año,E-150,Visitó un monumento histórico,15-29 años,Lima Este,2022-2025,25.1,21.4,28.8,confiable,738.0,152000.0,205000.0,170000.0,32000.0,"25,1 % de 15-29 años (≈ 152–205 mil según la población 2026 de Dato Joven; 138–202 mil según la expansión de la encuesta)",F-09,"ENAPRES 2022-2025, cap. 800A (INEI), cálculo propio"
S-14,Hombres jóvenes que juegan videojuegos en línea,E-160,Jugó videojuegos multijugador en línea,hombres 15-29 años,Lima Este,2022-2025,52.8,46.7,58.8,confiable,347.0,155000.0,195000.0,166000.0,31000.0,"52,8 % de hombres 15-29 años (≈ 155–195 mil según la población 2026 de Dato Joven; 135–197 mil según la expansión de la encuesta)",F-10,"ENAPRES 2022-2025, cap. 800A (INEI), cálculo propio"
S-15,Mujeres de 15–29 que no estudian ni trabajan y se dedican al hogar,E-070,No estudia ni trabaja y se dedica a los quehaceres del hogar,mujeres 15-29 años,Lima Este,2022-2025,14.0,11.9,16.1,confiable,1337.0,45000.0,61000.0,60000.0,11000.0,"14,0 % de mujeres 15-29 años (≈ 45–61 mil según la población 2026 de Dato Joven; 49–71 mil según la expansión de la encuesta)",F-15,"ENAHO 2022-2025, Módulos 02, 03 y 05 (INEI), cálculo propio"
S-16,Jóvenes que estudian y trabajan,E-040,Estudia y trabaja,15-29 años,Lima Este,2022-2025,10.3,8.9,11.7,confiable,2675.0,63000.0,83000.0,87000.0,15000.0,"10,3 % de 15-29 años (≈ 63–83 mil según la población 2026 de Dato Joven; 72–102 mil según la expansión de la encuesta)",(condición de tiempo),"ENAHO 2022-2025, Módulos 02, 03 y 05 (INEI), cálculo propio"
S-17,Jóvenes que no estudian ni trabajan (definición del proyecto),E-043,No estudia ni trabaja (definición del proyecto),15-29 años,Lima Este,2022-2025,17.6,16.1,19.0,confiable,2675.0,115000.0,136000.0,149000.0,19000.0,"17,6 % de 15-29 años (≈ 115–136 mil según la población 2026 de Dato Joven; 130–168 mil según la expansión de la encuesta)",F-02; F-15,"ENAHO 2022-2025, Módulos 02, 03 y 05 (INEI), cálculo propio"
S-18,Jóvenes que dejaron o evitaron salir de noche por temor a la delincuencia,E-103,Dejó o evitó salir de noche por temor a la delincuencia (últimos 12 meses),15-29 años,Lima Este,2022-2024,12.8,10.9,14.8,confiable,1727.0,77000.0,105000.0,,,"12,8 % de 15-29 años (≈ 77–105 mil según la población 2026 de Dato Joven)",(condición de seguridad),"ENAPRES, capítulo de seguridad ciudadana (INEI), cálculo propio"
